Publication Link,Publication Title,Authors,Publication Date,Journal Name,Research Area(s) include,Analyzer(s) include,Technique,,Cell Line(s) include,Cell Type(s) include,Assay / Method,Species,,Cell Seeding Density,Plate Coating
https://www.ncbi.nlm.nih.gov/pubmed/33230181,SUCLA2 mutations cause global protein succinylation contributing to the pathomechanism of a hereditary mitochondrial disease,"Gut, P, Matilainen, S, Meyer, JG, Pallijeff, P, Richard, J, Carroll, CJ, Euro, L, Jackson, CB, Isohanni, P, Minassian, BA, Alkhater, RA, Ostergaard, E, Civiletto, G, Parisi, A, Thevenet, J, Rardin, MJ, He, W, Nishida, Y, Newman, JC, Liu, X, Christen, S, Moco, S, Locasale, JW, Schilling, B, Suomalainen, A and Verdin, E",25-Nov-20,Nat Commun,Mitochondrial Disease Research,Seahorse XFe24/XF24,Seahorse XF Technology,,Larval cells,Larval cells,Cell Mitochondrial Stress Test,Zebrafish,,1 embryo/well,Not Specified
https://www.ncbi.nlm.nih.gov/pubmed/30290195,"Biological impacts of organophosphates chlorpyrifos and diazinon on development, mitochondrial bioenergetics, and locomotor activity in zebrafish (Danio rerio)","F Cao, C L Souders 2nd, P Li, S Pang, L Qiu, and C J Martyniuk",15-Nov-18,Neurotoxicol Teratol,"Model Organisms, Stem Cell Biology, Toxicology Research",Seahorse XFe24/XF24,Seahorse XF Technology,,Whole embryo,Embryonic cells,Other,Zebrafish,,1 embryo/well,Not Specified
https://www.sciencedirect.com/science/article/pii/S0301468115000134,"The cellular and molecular progression of mitochondrial dysfunction induced by 2,4-dinitrophenol in developing zebrafish embryos","Bestman JE, Stackley KD, Rahn JJ, Williamson TJ, Chan SS",1-Mar-15,Differentiation,Model Organisms,Seahorse XFe24/XF24,Seahorse XF Technology,,Whole embryo,Embryonic cells,Substrate Utilization,Zebrafish,,Not Specified,Not Specified
https://www.researchgate.net/publication/315544861,Lysophospholipids and Their Receptors Serve as Conditional DAMPs and DAMP Receptors in Tissue Oxidative and Inflammatory Injury,"Shao Y, Nanayakkara G, Cheng J, Cueto R, Yang WY, Park JY, Wang H, Yang X",26-Apr-17,Antioxid Redox Signal,Immunology Research,"Seahorse XFe24/XF24, Seahorse XFe96/XF96, Seahorse XFp",Seahorse XF Technology,,N/A (review),N/A (review),Review Article,N/A (review),,Not Specified,Not Specified
https://www.ncbi.nlm.nih.gov/pubmed/29156129,Small Molecule Mitochondrial Uncouplers and Their Therapeutic Potential,"Childress ES, Alexopoulos SJ, Hoehn KL, Santos WL",8-Dec-17,J Med Chem,"Drug Discovery, Review Papers, Techniques and Methods","Seahorse XFe24/XF24, Seahorse XFe96/XF96, Seahorse XFp",Seahorse XF Technology,,N/A (review),N/A (review),Review Article,N/A (review),,Not Specified,Not Specified
https://www.ncbi.nlm.nih.gov/pubmed/33548715,Aclonifen causes developmental abnormalities in zebrafish embryos through mitochondrial dysfunction and oxidative stress,"Lee JY, Park, H, Lim, W and Song, G",7-Feb-21,Sci Total Environ,Toxicology Research,"Seahorse XF HS Mini, Seahorse XFe24/XF24, Seahorse XFe96/XF96, Seahorse XFp",Seahorse XF Technology,,Embryonic cells,Embryonic cells,Cell Mitochondrial Stress Test,Zebrafish,,1 embryo/well,Not Specified
https://www.ncbi.nlm.nih.gov/pubmed/31600620,Developmental toxicity in embryo-larval zebrafish (Danio rerio) exposed to strobilurin fungicides (azoxystrobin and pyraclostrobin),"Kumar N, Willis A, Satbhai K, Ramalingam L, Schmitt C, Moustaid-Moussa N, Crago J",28-Sep-19,Chemosphere,"Model Organisms, Stem Cell Biology, Toxicology Research","Seahorse XFe24/XF24, Seahorse XFe96/XF96",Seahorse XF Technology,,N/A (review),N/A (review),Review Article,Zebrafish,,Not Specified,Not Specified
https://www.ncbi.nlm.nih.gov/pubmed/27335446,Human Induced Pluripotent Stem Cells as a Platform for Personalized and Precision Cardiovascular Medicine,"Matsa E, Ahrens JH, Wu JC",1-Jul-16,Physiol Rev,"Cardiovascular Research, Stem Cell Biology",Seahorse XFe96/XF96,Seahorse XF Technology,,N/A (review),N/A (review),Review Article,N/A (review),,Not Specified,Not Specified
https://www.ncbi.nlm.nih.gov/pubmed/27325267,Methods: Using Three-Dimensional Culture (Spheroids) as an In Vitro Model of Tumour Hypoxia,"Leek R, Grimes DR, Harris AL, McIntyre A",1-Jun-16,Adv Exp Med Biol,Cancer Research,Seahorse XFe96/XF96,Seahorse XF Technology,,N/A (review),N/A (review),Review Article,N/A (review),,Not Specified,Not Specified
https://www.ncbi.nlm.nih.gov/pubmed/32180546,Chemoptogenetic ablation of neuronal mitochondria in vivo with spatiotemporal precision and controllable severity,"Xie W, Jiao B, Bai Q, Ilin VA, Sun M, Burton CE, Kolodieznyi D, Calderon MJ, Stolz DB, Opresko PL, St Croix CM, Watkins S, Van Houten B, Bruchez MP and Burton EA",17-Mar-20,Elife,"Model Organisms, Neurobiology Research, Stem Cell Biology",Seahorse XFe24/XF24,Seahorse XF Technology,,Embryonic cells,Embryonic cells,Cell Mitochondrial Stress Test,Zebrafish,,3.0x10^5 cells/well,Not Specified
https://www.ncbi.nlm.nih.gov/pubmed/27111768,Triclosan is a mitochondrial uncoupler in live zebrafish,"Shim J, Weatherly LM, Luc RH, Dorman MT, Neilson A, Ng R, Kim CH, Millard PJ, Gosse JA",1-Mar-16,J Appl Toxicol,"Model Organisms, Toxicology Research",Seahorse XFe96/XF96,Seahorse XF Technology,,Whole embryo,Embryonic cells,"Basal Metabolic Assay, Cell Mitochondrial Stress Test",Zebrafish,,Not Specified,Not Specified
https://www.ncbi.nlm.nih.gov/pubmed/30526059,Carbon monoxide and its donors - their implications for medicine,Adach W,1-Feb-19,Future Med Chem,Review Papers,"Seahorse XFe24/XF24, Seahorse XFe96/XF96, Seahorse XFp",Seahorse XF Technology,,N/A (review),N/A (review),Review Article,N/A (review),,Not Specified,Not Specified
https://www.ncbi.nlm.nih.gov/pubmed/29850992,Evaluation of Respiration with Clark-Type Electrode in Isolated Mitochondria and Permeabilized Animal Cells,"A M Silva, and P J Oliveira",1-Jun-18,Methods Mol Biol,"Review Papers, Techniques and Methods","Seahorse XFe24/XF24, Seahorse XFe96/XF96, Seahorse XFp",Seahorse XF Technology,,N/A (review),N/A (review),Review Article,N/A (review),,Not Specified,Not Specified
https://www.frontiersin.org/articles/10.3389/fphys.2014.00372/full,Endothelial dysfunction and preeclampsia: Role of oxidative stress,"Sanchez-Aranguren L, Prada C, Riaño-Medina CE, Lopez M",1-Sep-14,Front Physiol,"Cell Physiology Research, Obesity, Diabetes, and Metabolic Disorders","Seahorse XFe24/XF24, Seahorse XFe96/XF96, Seahorse XFp",Seahorse XF Technology,,N/A (review),N/A (review),Review Article,N/A (review),,Not Specified,Not Specified
https://diabetes.diabetesjournals.org/content/62/4/1041.short,Methods for assessing mitochondrial function in diabetes,"Perry CG, Kane DA, Lanza IR, Neufer PD",1-Apr-13,Diabetes,"Obesity, Diabetes, and Metabolic Disorders","Seahorse XFe24/XF24, Seahorse XFe96/XF96, Seahorse XFp",Seahorse XF Technology,,N/A (review),N/A (review),Review Article,N/A (review),,Not Specified,Not Specified
https://www.sciencedirect.com/science/article/pii/S0047637413000274,Mitochondrial deficiency in Cockayne syndrome,"Scheibye-Knudsen M, Croteau DL, Bohr VA",1-May-13,Mech Ageing Dev,"Aging Research, Neurobiology Research","Seahorse XFe24/XF24, Seahorse XFe96/XF96, Seahorse XFp",Seahorse XF Technology,,N/A (review),N/A (review),Review Article,N/A (review),,Not Specified,Not Specified
https://www.ncbi.nlm.nih.gov/pubmed/29110344,Current technical approaches to brain energy metabolism,"Barros LF, Bolanos JP, Bonvento G, Bouzier-Sore AK, Brown A, Hirrlinger J, Kasparov S, Kirchhoff F, Murphy AN, Pellerin L, Robinson MB, Weber B",7-Nov-17,Glia,"Neurobiology Research, Review Papers","Seahorse XFe24/XF24, Seahorse XFe96/XF96, Seahorse XFp",Seahorse XF Technology,,N/A (review),N/A (review),Not Specified,N/A (review),,Not Specified,Not Specified
http://onlinelibrary.wiley.com/doi/10.1002/mnfr.201501007/abstract,Honokiol targets mitochondria to halt cancer progression and metastasis,"Pan J, Lee Y, Wang Y, You M",1-Apr-16,Mol Nutr Food Res,Cancer Research,Seahorse XFe24/XF24,Seahorse XF Technology,,N/A (review),N/A (review),Review Article,N/A (review),,Not Specified,Not Specified
https://www.ncbi.nlm.nih.gov/pubmed/29031050,"Paraquat affects mitochondrial bioenergetics, dopamine system expression, and locomotor activity in zebrafish (Danio rerio)","Wang XH, Souders CL 2nd, Zhao YH, Martyniuk CJ",6-Oct-17,Chemosphere,Toxicology Research,Seahorse XFe24/XF24,Seahorse XF Technology,,Whole embryo,Embryonic cells,Other,Zebrafish,,1/well,Not Specified
https://www.ncbi.nlm.nih.gov/pubmed/26963117,"Epilepsy, Behavioral Abnormalities, and Physiological Comorbidities in Syntaxin-Binding Protein 1 (STXBP1) Mutant Zebrafish","Grone BP, Marchese M, Hamling KR, Kumar MG, Krasniak CS, Sicca F, Santorelli FM, Patel M, Baraban SC",1-Mar-16,PLoS One,"Model Organisms, Neurobiology Research",Seahorse XFe24/XF24,Seahorse XF Technology,,Whole embryo,Embryonic cells,Basal Metabolic Assay,Zebrafish,,10/well,Not Specified
https://www.ncbi.nlm.nih.gov/pubmed/30093113,Rapid kinetics of changes in oxygen consumption rate in thrombin-stimulated platelets measured by high-resolution respirometry,"A P Sowton, S L Millington-Burgess, A J Murray, and M T Harper",18-Sep-18,Biochem Biophys Res Commun,"Cardiovascular Research, Immunology Research, Techniques and Methods","Seahorse XFe24/XF24, Seahorse XFe96/XF96, Seahorse XFp",Seahorse XF Technology,,N/A (review),N/A (review),Review Article,N/A (review),,Not Specified,Not Specified
https://www.ncbi.nlm.nih.gov/pubmed/30292314,Current and future perspectives of functional metabolomics in disease studies–A review,"M Yan, and G Xu",13-Apr-18,Anal Chim Acta,"Review Papers, Techniques and Methods","Seahorse XFe24/XF24, Seahorse XFe96/XF96, Seahorse XFp",Seahorse XF Technology,,N/A (review),N/A (review),Review Article,N/A (review),,Not Specified,Not Specified
https://www.ncbi.nlm.nih.gov/pubmed/31995874,The pyrethroid esfenvalerate induces hypoactivity and decreases dopamine transporter expression in embryonic/larval zebrafish (Danio rerio),"Wang XH, Souders CL, 2nd, Xavier P, Li XY, Yan B and Martyniuk CJ",22-Nov-19,Chemosphere,"Model Organisms, Stem Cell Biology, Toxicology Research",Seahorse XFe24/XF24,Seahorse XF Technology,,Embryonic cells,Embryonic cells,"Cell Mitochondrial Stress Test, Cell Mitochondrial Stress Test with additional injection",Zebrafish,,1 embryo/well,Not Specified
https://www.ncbi.nlm.nih.gov/pubmed/29100808,Mitochondrial bioenergetics and locomotor activity are altered in zebrafish (Danio rerio) after exposure to the bipyridylium herbicide diquat,"Wang XH, Souders CL 2nd, Zhao YH, Martyniuk CJ",1-Nov-17,Toxicol Lett,"Model Organisms, Toxicology Research",Seahorse XFe24/XF24,Seahorse XF Technology,,Whole embryo,Embryonic cells,Other,Zebrafish,,1 embryo/well,Not Specified
https://www.ncbi.nlm.nih.gov/pubmed/26519465,"Zebrafish lacking functional DNA polymerase gamma survive to juvenile stage, despite rapid and sustained mitochondrial DNA depletion, altered energetics and growth","Rahn JJ, Bestman JE, Stackley KD, Chan SS",1-Oct-15,Nucleic Acids Res,Model Organisms,Seahorse XFe24/XF24,Seahorse XF Technology,,Whole embryo,Embryonic cells,Substrate Utilization,Zebrafish,,Not Specified,Not Specified
https://www.ncbi.nlm.nih.gov/pubmed/30814701,How to follow metabolic clues to find cancer's Achilles heel,Marx V,1-Mar-19,Nat Methods,"Cancer Research, Review Papers","Seahorse XFe24/XF24, Seahorse XFe96/XF96, Seahorse XFp",Seahorse XF Technology,,N/A (review),N/A (review),Review Article,N/A (review),,Not Specified,Not Specified
https://www.ncbi.nlm.nih.gov/pubmed/32877506,"Multi-organ metabolomics and lipidomics provide new insights into fat infiltration in the liver, muscle wasting and liver-muscle crosstalk following burn injury","Mert S, Bulutoglu B, Chu C, Dylewski M, Lin FM, Yu YM, Yarmush ML, Sheridan RL and Uygun K",2-Sep-20,J Burn Care Res,"Cell Physiology Research, Hepatobiology Research","Seahorse XFe24/XF24, Seahorse XFe96/XF96, Seahorse XFp",Seahorse XF Technology,,N/A (review),N/A (review),Not Specified,N/A (review),,Not Specified,Not Specified
https://www.ncbi.nlm.nih.gov/pubmed/30082823,A metabolic interplay coordinated by HLX regulates myeloid differentiation and AML through partly overlapping pathways,"I Piragyte, T Clapes, A Polyzou, R I Klein Geltink, S Lefkopoulos, N Yin, P Cauchy, J D Curtis, L Klaeyle, X Langa, C C A Beckmann, M W Wlodarski, P Muller, D Van Essen, A Rambold, F G Kapp, M Mione, J M Buescher, E L Pearce, A Polyzos, and E Trompouki",6-Aug-18,Nat Commun,"Cancer Research, Immunology Research",Seahorse XFe96/XF96,Seahorse XF Technology,,Whole embryo,Embryonic cells,Cell Mitochondrial Stress Test,Zebrafish,,Not Specified,Not Specified
https://www.ncbi.nlm.nih.gov/pubmed/28806519,Pluronic P85/F68 Micelles of Baicalein Could Interfere with Mitochondria to Overcome MRP2-Mediated Efflux and Offer Improved Anti-Parkinsonian Activity,"Chen T, Li Y, Li C, Yi X, Wang R, Lee SM, Zheng Y",25-Aug-17,Mol Pharm,Neurobiology Research,Seahorse XFe24/XF24,Seahorse XF Technology,,Whole embryo,Embryonic cells,Cell Mitochondrial Stress Test,Zebrafish,,2.5x10^3 cells/well,Not Specified
https://www.ncbi.nlm.nih.gov/pubmed/26181105,Lipid abundance in zebrafish embryos is regulated by complementary actions of the Endocannabinoid System and Retinoic Acid Pathway,"Fraher D, Ellis MK, Morrison S, McGee SL, Ward AC, Walder K, Gibert Y",1-Jul-15,Endocrinology,"Obesity, Diabetes, and Metabolic Disorders",Seahorse XFe24/XF24,Seahorse XF Technology,,Whole embryo,Embryonic cells,Substrate Utilization,Zebrafish,,Not Specified,Not Specified
https://www.sciencedirect.com/science/article/pii/S0041008X17302399,Transgenerational inheritance of neurobehavioral and physiological deficits from developmental exposure to benzo[a]pyrene in zebrafish,"Knecht AL, Truong L, Marvel SW, Reif DM, Garcia A, Lu C, Simonich MT, Teeguarden JG, Tanguay RL",3-Jun-17,Toxicol Appl Pharmacol,"Cardiovascular Research, Model Organisms, Neurobiology Research, Toxicology Research",Seahorse XFe24/XF24,Seahorse XF Technology,,Whole embryo,Embryonic cells,Cell Mitochondrial Stress Test,Zebrafish,,4 embryos/well,Not Specified
https://www.hapres.com/htmls/IJ_1029_Detail.html,Immunometabolic Responses of Natural Killer Cells to Inhibitory Tumor Microenvironment Checkpoints,Dao T,23-May-19,Immunometabolism,"Cancer Research, Immunology Research, Review Papers","Seahorse XFe24/XF24, Seahorse XFe96/XF96, Seahorse XFp",Seahorse XF Technology,,N/A (review),N/A (review),Review Article,N/A (review),,Not Specified,Not Specified
https://www.sciencedirect.com/science/article/pii/S0041008X13002032,Comparative developmental toxicity of environmentally relevant oxygenated PAHs,"Knecht AL, Goodale BC, Truong L, Simonich MT, Swanson AJ, Matzke MM, Anderson KA, Waters KM, Tanguay RL",1-Sep-13,Toxicol Appl Pharmacol,Toxicology Research,Seahorse XFe24/XF24,Seahorse XF Technology,,Whole embryo,Embryonic cells,Cell Mitochondrial Stress Test,Zebrafish,,4 embryos/well,Not Specified
https://www.ncbi.nlm.nih.gov/pubmed/30833296,The zebrafish orthologue of the human hepatocerebral disease gene MPV17 plays pleiotropic roles in mitochondria,"L Martorano, M Peron, C Laquatra, E Lidron, N Facchinello, G Meneghetti, N Tiso, A Rasola, D Ghezzi, and F Argenton",14-Mar-19,Dis Model Mech,"Mitochondrial Disease Research, Model Organisms, Stem Cell Biology",Seahorse XFe24/XF24,Seahorse XF Technology,,Whole embryo,Embryonic cells,Other,Zebrafish,,1 embryo/well,Not Specified
https://www.ncbi.nlm.nih.gov/pubmed/26391568,"Teratogenic, bioenergetic, and behavioral effects of exposure to total particulate matter on early development of zebrafish (Danio rerio) are not mimicked by nicotine","Massarsky A, Jayasundara N, Bailey JM, Oliveri AN, Levin ED, Prasad GL, Di Giulio RT",1-Sep-15,Neurotoxicol Teratol,Model Organisms,Seahorse XFe24/XF24,Seahorse XF Technology,,Whole embryo,Embryonic cells,Substrate Utilization,Zebrafish,,2 embryos/well,Not Specified
https://www.ncbi.nlm.nih.gov/pubmed/30982665,"NIPSNAP1 and NIPSNAP2 Act as ""Eat Me"" Signals for Mitophagy","Y Princely Abudu, S Pankiv, B J Mathai, A Hakon Lystad, C Bindesboll, H B Brenne, M Yoke Wui Ng, B Thiede, A Yamamoto, T Mutugi Nthiga, T Lamark, C V Esguerra, T Johansen, and A Simonsen",20-May-19,Dev Cell,Cell Physiology Research,"Seahorse XFe24/XF24, Seahorse XFe96/XF96, Seahorse XFp",Seahorse XF Technology,,Whole embryo,Embryonic cells,Cell Mitochondrial Stress Test,Zebrafish,,Not Specified,Not Specified
https://pubmed.ncbi.nlm.nih.gov/32494702/,Activating transcription factor 3 coordinates differentiation of cardiac and hematopoietic progenitors by regulating glucose metabolism,Yin HM,6-May-20,Sci Adv,"Cardiovascular Research, Stem Cell Biology",Seahorse XFe96/XF96,Seahorse XF Technology,,Embryonic cells,Embryonic cells,Other,Zebrafish,,2.0x10^5 cells/well,Not Specified
https://www.ncbi.nlm.nih.gov/pubmed/28330601,Mitochondria in cell senescence: Is mitophagy the weakest link?,"Korolchuk VI, Miwa S, Carroll B, von Zglinicki T",14-Mar-17,EBioMedicine,"Aging Research, Mitochondrial Disease Research",Seahorse XFe24/XF24,Seahorse XF Technology,,N/A (review),N/A (review),Cell Mitochondrial Stress Test,N/A (review),,Not Specified,Not Specified
http://eneuro.org/content/early/2016/03/29/ENEURO.0008-16.2016.abstract,Altered Glycolysis and Mitochondrial Respiration in a Zebrafish Model of Dravet Syndrome,"Kumar MG, Rowley S, Fulton R, Dinday MT, Baraban SC, Patel M",1-Mar-16,eNeuro,"Model Organisms, Neurobiology Research",Seahorse XFe24/XF24,Seahorse XF Technology,,Whole embryo,Embryonic cells,"Basal Metabolic Assay, Switch Assay",Zebrafish,,1 fish/well,Not Specified
https://www.ncbi.nlm.nih.gov/pubmed/27437098,Thyroid hormone-mediated autophagy and mitochondrial turnover in NAFLD,"Sinha RA, Yen PM",1-Jul-16,Cell Biosci,"Obesity, Diabetes, and Metabolic Disorders, Toxicology Research",Seahorse XFe24/XF24,Seahorse XF Technology,,N/A (review),N/A (review),Review Article,N/A (review),,Not Specified,Not Specified
https://www.ncbi.nlm.nih.gov/pmc/articles/PMC5398948/,Resistance to polycyclic aromatic hydrocarbon toxicity and associated bioenergetic consequences in a population of Fundulus heteroclitus,"Lindberg CD, Jayasundara N, Kozal JS, Leuthner TC, Di Giulio RT",17-Feb-17,Ecotoxicology,Cardiovascular Research,"Seahorse XFe24/XF24, Seahorse XFe96/XF96, Seahorse XFp",Seahorse XF Technology,,Cardiac tissue,Cardiac cells,Basal Metabolic Assay,Killfish,,Not Specified,Not Specified
https://www.ncbi.nlm.nih.gov/pubmed/26368567,High-Throughput Tissue Bioenergetics Analysis Reveals Identical Metabolic Allometric Scaling for Teleost Hearts and Whole Organisms,"Jayasundara N, Kozal JS, Arnold MC, Chan SS, Di Giulio RT",1-Sep-15,PLoS One,Model Organisms,Seahorse XFe24/XF24,Seahorse XF Technology,,Cardiac tissue,Cardiac cells,Cell Mitochondrial Stress Test with additional injection,Mummichog,,Not Specified,Not Specified
https://www.ncbi.nlm.nih.gov/pubmed/30569354,Developmental toxicity of the triazole fungicide cyproconazole in embryo-larval stages of zebrafish (Danio rerio),"F Cao, C L Souders 2nd, P Li, S Pang, L Qiu, and C J Martyniuk",1-Feb-19,Environ Sci Pollut Res Int,"Microbial Research, Model Organisms, Stem Cell Biology, Toxicology Research",Seahorse XFe24/XF24,Seahorse XF Technology,,Whole embryo,Embryonic cells,Cell Mitochondrial Stress Test,Zebrafish,,1 embryo/well,Not Specified
https://www.ncbi.nlm.nih.gov/pubmed/29895827,Oxidized phospholipids regulate amino acid metabolism through MTHFD2 to facilitate nucleotide release in endothelial cells,"J Hitzel, E Lee, Y Zhang, S I Bibli, X Li, S Zukunft, B Pfluger, J Hu, C Schurmann, A E Vasconez, J A Oo, A Kratzer, S Kumar, F Rezende, I Josipovic, D Thomas, H Giral, Y Schreiber, G Geisslinger, C Fork, X Yang, F Sigala, C E Romanoski, J Kroll, H Jo, U Landmesser, A J Lusis, D Namgaladze, I Fleming, M S Leisegang, J Zhu, and R P Brandes",12-Jun-18,Nat Commun,"Cardiovascular Research, Cell Physiology Research",Seahorse XFe96/XF96,Seahorse XF Technology,,Whole embryo,Embryonic cells,Cell Mitochondrial Stress Test,Zebrafish,,1.0x10^4 cells/well,Not Specified
https://link.springer.com/chapter/10.1007/978-3-319-60511-1_7,Building Better Tumor Models: Organoid Systems to Investigate Angiogenesis,"Shirure VS, Sewell-Loftin MK, Lam SF, Todd TD, Hwang PY, George SC",15-Jan-18,Cancer Drug Discov & Devel,"Cancer Research, Review Papers, Techniques and Methods","Seahorse XFe24/XF24, Seahorse XFe96/XF96, Seahorse XFp",Seahorse XF Technology,,N/A (review),N/A (review),Review Article,N/A (review),,Not Specified,Not Specified
https://www.sciencedirect.com/science/article/abs/pii/S0925400519312031,Microfluidic chip system integrated with light addressable potentiometric sensor (LAPS) for real-time extracellular acidification detection,"Liang T, Gu C, Gan Y, Wu Q, He C, Tu J, Pan Y, Qiu Y, Kong L, Wan H, and Wang P",19-Aug-19,Sens Actuators B Chem,Techniques and Methods,"Seahorse XFe24/XF24, Seahorse XFe96/XF96",Seahorse XF Technology,,N/A (review),N/A (review),Review Article,N/A (review),,Not Specified,Not Specified
https://www.ncbi.nlm.nih.gov/pubmed/29097398,Cell Biology of the Mitochondrion,"van der Bliek AM, Sedensky MM, Morgan PG",1-Nov-17,Genetics,"Model Organisms, Review Papers, Techniques and Methods","Seahorse XFe24/XF24, Seahorse XFe96/XF96, Seahorse XFp",Seahorse XF Technology,,N/A (review),N/A (review),Review Article,N/A (review),,Not Specified,Not Specified
https://www.sciencedirect.com/science/article/pii/S0047637413000432,The role of CSA and CSB protein in the oxidative stress response,"Derrico M, Pascucci B, Lorio E, Van Houten B, Dogliotti E",1-May-13,Mech Ageing Dev,Neurobiology Research,"Seahorse XFe24/XF24, Seahorse XFe96/XF96, Seahorse XFp",Seahorse XF Technology,,N/A (review),N/A (review),Review Article,N/A (review),,Not Specified,Not Specified
https://www.ncbi.nlm.nih.gov/pubmed/30528909,Real-time local oxygen measurements for high resolution cellular imaging,"L Boyman, G S B Williams, A P Wescott, J B Leach, J P Y Kao, and W J Lederer",5-Dec-18,J Mol Cell Cardiol,Techniques and Methods,"Seahorse XFe24/XF24, Seahorse XFe96/XF96, Seahorse XFp",Seahorse XF Technology,,N/A (review),N/A (review),Review Article,N/A (review),,Not Specified,Not Specified
https://link.springer.com/article/10.1007/s00723-018-1007-0,Genotoxic Responses of Mitochondrial Oxygen Consumption Rate and Mitochondrial Semiquinone Radicals in Tumor Cells,"K Yamamoto, H Yasui, T Bo, T Yamamori, W Hiraoka, T Yamasaki, K-i Yamada, and O Inanami",21-Apr-18,Appl Magn Reson,"Cancer Research, Toxicology Research","Seahorse XFe24/XF24, Seahorse XFe96/XF96, Seahorse XFp",Seahorse XF Technology,,N/A (review),N/A (review),Review Article,N/A (review),,Not Specified,Not Specified
https://www.ncbi.nlm.nih.gov/pubmed/31625691,The psychoactive cathinone derivative pyrovalerone alters locomotor activity and decreases dopamine receptor expression in zebrafish (Danio rerio),"Souders CL, 2nd, Davis RH, Qing H, Liang X, Febo M and Martyniuk CJ",18-Oct-19,Brain Behav,"Model Organisms, Neurobiology Research, Toxicology Research","Seahorse XFe24/XF24, Seahorse XFe96/XF96",Seahorse XF Technology,,Embryonic cells,Embryonic cells,Cell Mitochondrial Stress Test,Zebrafish,,Not Specified,Not Specified
https://www.ncbi.nlm.nih.gov/pubmed/27443317,"Measurement of Mitochondrial Respiration and Motility in Acute Care: Sepsis, Trauma, and Poisoning","Jang DH, Greenwood JC, Spyres MB, Eckmann DM",1-Jul-16,J Intensive Care Med,"Immunology Research, Neurobiology Research, Toxicology Research","Seahorse XFe96/XF96, Seahorse XFp",Seahorse XF Technology,,N/A (review),N/A (review),Review Article,N/A (review),,Not Specified,Not Specified
https://www.ncbi.nlm.nih.gov/pubmed/28789971,The use of high-throughput screening techniques to evaluate mitochondrial toxicity,Wills LP,5-Aug-17,Toxicology,"Review Papers, Toxicology Research","Seahorse XFe24/XF24, Seahorse XFe96/XF96",Seahorse XF Technology,,N/A (review),N/A (review),Cell Mitochondrial Stress Test,N/A (review),,Not Specified,Not Specified
https://www.ncbi.nlm.nih.gov/pubmed/27925481,"Mitochondrial ROS, uncoupled from ATP synthesis, determine endothelial activation for both physiological recruitment of patrolling cells and pathological recruitment of inflammatory cells","Li X, Fang P, Yang WY, Chan K, Lavallee M, Xu K, Gao T, Wang H, Yang X",10-Mar-17,Can J Physiol Pharmacol,"Cell Physiology Research, Immunology Research","Seahorse XFe24/XF24, Seahorse XFe96/XF96, Seahorse XFp",Seahorse XF Technology,,N/A (review),N/A (review),Review Article,N/A (review),,Not Specified,Not Specified
https://www.ncbi.nlm.nih.gov/pubmed/26637942,Metabolic Reprogramming of Stem Cell Epigenetics,"Ryall JG, Cliff T, Dalton S, Sartorelli V",1-Dec-15,Cell Stem Cell,Stem Cell Biology,"Seahorse XFe24/XF24, Seahorse XFe96/XF96, Seahorse XFp",Seahorse XF Technology,,N/A (review),N/A (review),Review Article,N/A (review),,Not Specified,Not Specified
https://www.sciencedirect.com/science/article/pii/S2451945617300685,Rescue of Pink1 Deficiency by Stress-Dependent Activation of Autophagy,"Zhang Y, Nguyen DT, Olzomer EM, Poon GP, Cole NJ, Puvanendran A, Phillips BR, Hesselson D",20-Apr-17,Cell Chem Biol,"Immunology Research, Neurobiology Research",Seahorse XFe24/XF24,Seahorse XF Technology,,Whole embryo,Embryonic cells,Cell Mitochondrial Stress Test,Zebrafish,,Not Specified,Not Specified
https://www.ncbi.nlm.nih.gov/pubmed/33147057,"Forces, fluxes, and fuels: tracking mitochondrial metabolism by integrating measurements of membrane potential, respiration, and metabolites","Jones AE, Sheng L, Acevedo A, Veliova M, Shirihai OS, Stiles L and Divakaruni AS",1-Jan-21,Am J Physiol Cell Physiol,Review Papers,"Seahorse XFe24/XF24, Seahorse XFe96/XF96, Seahorse XFp",Seahorse XF Technology,,N/A (review),N/A (review),Not Specified,N/A (review),,Not Specified,Not Specified
https://www.ncbi.nlm.nih.gov/pubmed/31073174,Imaging intratumoral metabolic heterogeneity,"A J Walsh, J T Sharick, and M C Skala",1-May-19,Nat Biomed Eng,"Cancer Research, Review Papers","Seahorse XFe24/XF24, Seahorse XFe96/XF96, Seahorse XFp",Seahorse XF Technology,,N/A (review),N/A (review),Review Article,N/A (review),,Not Specified,Not Specified
http://www.cell.com/trends/molecular-medicine/abstract/S1471-4914(16)30004-1?_returnURL=http%3A%2F%2Flinkinghub.elsevier.com%2Fretrieve%2Fpii%2FS1471491416300041%3Fshowall%3Dtrue,2016: A Mitochondria Odyssey,"Cherry C, Thompson B, Naptarshi N, Wu J, Hoh J",1-Apr-16,Trends Mol Med,Cell Physiology Research,Seahorse XFe96/XF96,Seahorse XF Technology,,N/A (review),N/A (review),Review Article,N/A (review),,Not Specified,Not Specified
https://www.ncbi.nlm.nih.gov/pubmed/23092819,Integration of cellular bioenergetics with mitochondrial quality control and autophagy,"Hill BG, Benavides GA, Lancaster JR Jr, Ballinger S, DellItalia L, Jianhua Z, Darley-Usmar VM",1-Dec-12,Biol Chem,Cell Physiology Research,"Seahorse XFe24/XF24, Seahorse XFe96/XF96, Seahorse XFp",Seahorse XF Technology,,N/A (review),N/A (review),Review Article,N/A (review),,Not Specified,Not Specified
https://www.ncbi.nlm.nih.gov/pubmed/30444461,Eudragit-based microcapsules of probucol,Mooranian A,1-Dec-18,Ther Deliv,"Drug Discovery, Techniques and Methods","Seahorse XFe24/XF24, Seahorse XFe96/XF96, Seahorse XFp",Seahorse XF Technology,,N/A (review),N/A (review),Review Article,N/A (review),,Not Specified,Not Specified
https://www.ncbi.nlm.nih.gov/pubmed/31147164,The Whys and Hows of Calculating Total Cellular ATP Production Rate,"M E Handel, M D Brand, and S A Mookerjee",1-Jul-19,Trends Endocrinol Metab,Review Papers,"Seahorse XFe24/XF24, Seahorse XFe96/XF96, Seahorse XFp",Seahorse XF Technology,,N/A (review),N/A (review),Review Article,N/A (review),,Not Specified,Not Specified
https://www.ncbi.nlm.nih.gov/pmc/articles/PMC7105157/,Metabolic Reprogramming by c-MET Inhibition as a Targetable Vulnerability in Glioblastoma,Nguyen TTT,20-Mar-20,OncoScience,"Cancer Research, Neurobiology Research, Review Papers","Seahorse XFe24/XF24, Seahorse XFe96/XF96, Seahorse XFp",Seahorse XF Technology,,Glioblastoma,Glioblastoma,Fatty Acid Oxidation,N/A (review),,Not Specified,Not Specified
https://link.springer.com/chapter/10.1007/978-3-319-90695-9_8,Human-Induced Pluripotent Stem Cell-Derived Cardiomyocytes in the Evaluation of Cardiotoxic Potential of Drugs,"Y X Chang, and C L Mummery",13-Mar-18,Stem Cell Genetics for Biomedical Research,"Cardiovascular Research, Review Papers, Stem Cell Biology, Toxicology Research","Seahorse XFe24/XF24, Seahorse XFe96/XF96, Seahorse XFp",Seahorse XF Technology,,N/A (review),N/A (review),Review Article,N/A (review),,Not Specified,Not Specified
https://www.ncbi.nlm.nih.gov/pubmed/31586484,Polycyclic aromatic hydrocarbon and hypoxia exposures result in mitochondrial dysfunction in zebrafish,"Lindberg CD, Di Giulio RT",13-Sep-19,Aquat Toxicol,"Assays Under Hypoxia, Model Organisms, Stem Cell Biology, Toxicology Research","Seahorse XFe24/XF24, Seahorse XFe96/XF96",Seahorse XF Technology,,Whole embryo,Embryonic cells,Other,Zebrafish,,Not Specified,Not Specified
http://www.jbc.org/content/early/2013/04/03/jbc.M112.437210.short,Metabolomic profiling reveals a role for caspase-2 in lipoapoptosis,"Johnson ES, Lindblom KR, Robeson A, Stevens RD, Ilkayeva OR, Newgard CB, Kornbluth S, Andersen JL",1-May-13,J Biol Chem,"Model Organisms, Obesity, Diabetes, and Metabolic Disorders",Seahorse XFe24/XF24,Seahorse XF Technology,,Xenopus egg extracts,Xenopus egg extracts,"Basal Metabolic Assay, Cell Mitochondrial Stress Test",Frog,,Not Specified,Not Specified
https://www.ncbi.nlm.nih.gov/pubmed/30031347,Fluazinam impairs oxidative phosphorylation and induces hyper/hypo-activity in a dose specific manner in zebrafish larvae,"X H Wang, S S Zheng, T Huang, L M Su, Y H Zhao, C L Souders 2nd, and C J Martyniuk",12-Jul-18,Chemosphere,"Model Organisms, Toxicology Research",Seahorse XFe24/XF24,Seahorse XF Technology,,Whole embryo,Embryonic cells,Other,Zebrafish,,1 embryo/well,Not Specified
https://www.ncbi.nlm.nih.gov/pubmed/29363063,Metabolomics in Immunology Research,Everts B,31-Jan-18,Methods Mol Biol,"Immunology Research, Review Papers","Seahorse XFe24/XF24, Seahorse XFe96/XF96, Seahorse XFp",Seahorse XF Technology,,N/A (review),N/A (review),Review Article,N/A (review),,Not Specified,Not Specified
https://www.ncbi.nlm.nih.gov/pubmed/33396161,The agrochemical S-metolachlor disrupts molecular mediators and morphology of the swim bladder: Implications for locomotor activity in zebrafish (Danio rerio),"Yang, L, Ivantsova, E, Souders, CL, 2nd and Martyniuk, CJ",6-Jan-21,Ecotoxicol Environ Saf,"Model Organisms, Toxicology Research",Seahorse XFe24/XF24,Seahorse XF Technology,,Embryonic cells,Embryonic cells,Cell Mitochondrial Stress Test,Zebrafish,,1 embryo/well,Not Specified
https://www.ncbi.nlm.nih.gov/pubmed/28961535,Tributyltin induces premature hatching and reduces locomotor activity in zebrafish (Danio rerio) embryos/larvae at environmentally relevant levels,"Liang X, Souders CL 2nd, Zhang J, Martyniuk CJ",20-Sep-17,Chemosphere,"Model Organisms, Toxicology Research",Seahorse XFe24/XF24,Seahorse XF Technology,,Whole embryo,Embryonic cells,Cell Mitochondrial Stress Test,Zebrafish,,1 embryo/well,Not Specified
https://www.ncbi.nlm.nih.gov/pubmed/32151523,Plasticity in T-cell mitochondrial metabolism: A necessary peacekeeper during the troubled times of persistent HIV-1 infection,"Loucif H, Dagenais-Lussier X, Beji C, Telittchenko R, Routy JP and van Grevenynghe J",22-Feb-20,Cytokine Growth Factor Rev,"Immunology Research, Infectious Disease Research","Seahorse XFe24/XF24, Seahorse XFe96/XF96, Seahorse XFp",Seahorse XF Technology,,T-cells,Immune cells,Not Specified,N/A (review),,Not Specified,Not Specified
https://www.ncbi.nlm.nih.gov/pubmed/28682633,Cost of Tolerance: Physiological Consequences of Evolved Resistance to Inhabit a Polluted Environment in Teleost Fish Fundulus heteroclitus,"Jayasundara N, Fernando PW, Osterberg JS, Cammen KM, Schultz TF, Di Giulio RT",1-Aug-17,Environ Sci Technol,"Model Organisms, Toxicology Research","Seahorse XFe24/XF24, Seahorse XFe96/XF96, Seahorse XFp",Seahorse XF Technology,,Whole embryo,Embryonic cells,Cell Mitochondrial Stress Test,Killfish,,Not Specified,Not Specified
https://www.ncbi.nlm.nih.gov/pubmed/27207806,"Emerging Role and Characterization of Immunometabolism: Relevance to HIV Pathogenesis, Serious Non-AIDS Events, and a Cure","Palmer CS, Henstridge DC, Yu D, Singh A, Balderson B, Duette G, Cherry CL, Anzinger JJ, Ostrowski M, Crowe SM",1-Jun-16,J Immunol,"Immunology Research, Infectious Disease Research",Seahorse XFe24/XF24,Seahorse XF Technology,,N/A (review),N/A (review),"Cell Mitochondrial Stress Test, Glycolysis Stress Test, Review Article",N/A (review),,Not Specified,Not Specified
https://www.ncbi.nlm.nih.gov/pubmed/31743664,Coronary Revascularization During Heart Regeneration Is Regulated by Epicardial and Endocardial Cues and Forms a Scaffold for Cardiomyocyte Repopulation,"Marin-Juez R, El-Sammak H, Helker CSM, Kamezaki A, Mullapuli ST, Bibli SI, Foglia MJ, Fleming I, Poss KD and Stainier DYR",18-Nov-19,Dev Cell,"Cardiovascular Research, Model Organisms",Seahorse XFe96/XF96,Seahorse XF Technology,,Ventricular fibroblasts,Fibroblast,"Cell Mitochondrial Stress Test, Glycolysis Stress Test",Zebrafish,,5.0x10^4 cells/well,Collagen
https://www.ncbi.nlm.nih.gov/pubmed/26524115,Cardiomyocytes from human pluripotent stem cells: From laboratory curiosity to industrial biomedical platform,"Denning C, Borgdorff V, Crutchley J, Firth KS, George 2, Kalra S, Kondrashov A, Hoang MD, Mosqueira D, Patel A, Prodanov L, Rajamohan D, Skarnes WC, Smith JG, Young LE",1-Jul-16,Biochim Biophys Acta,"Cardiovascular Research, Stem Cell Biology",Seahorse XFe96/XF96,Seahorse XF Technology,,N/A (review),N/A (review),Review Article,N/A (review),,Not Specified,Not Specified
https://www.ncbi.nlm.nih.gov/pubmed/29340951,A perspective on multi-target drug discovery and design for complex diseases,"R R Ramsay, M R Popovic-Nikolic, K Nikolic, E Uliassi, and M L Bolognesi",17-Jan-18,Clin Transl Med,"Drug Discovery, Review Papers","Seahorse XFe24/XF24, Seahorse XFe96/XF96, Seahorse XFp",Seahorse XF Technology,,N/A (review),N/A (review),Review Article,N/A (review),,Not Specified,Not Specified
https://www.ncbi.nlm.nih.gov/pubmed/29062013,"Near-simultaneous intravital microscopy of glucose uptake and mitochondrial membrane potential, key endpoints that reflect major metabolic axes in cancer","Zhu C, Martinez AF, Martin HL, Li M, Crouch BT, Carlson DA, Haystead TAJ, Ramanujam N",23-Oct-17,Sci Rep,Techniques and Methods,"Seahorse XFe24/XF24, Seahorse XFe96/XF96, Seahorse XFp",Seahorse XF Technology,,N/A (review),N/A (review),Review Article,N/A (review),,Not Specified,Not Specified
https://www.ncbi.nlm.nih.gov/pubmed/30529917,"Developmental neurotoxicity of maneb: Notochord defects, mitochondrial dysfunction and hypoactivity in zebrafish (Danio rerio) embryos and larvae","F Cao, C L Souders 2nd, P Li, S Pang, X Liang, L Qiu, and C J Martyniuk",15-Apr-19,Ecotoxicol Environ Saf,"Model Organisms, Neurobiology Research, Stem Cell Biology, Toxicology Research",Seahorse XFe24/XF24,Seahorse XF Technology,,Whole embryo,Embryonic cells,Other,Zebrafish,,1 embryo/well,Not Specified
https://www.ncbi.nlm.nih.gov/pubmed/31032918,Critical role of mitochondrial dysfunction and impaired mitophagy in diabetic nephropathy,"S Saxena, A Mathur, and P Kakkar",10-Apr-19,J Cell Physiol,"Nephrology Research, Obesity, Diabetes, and Metabolic Disorders, Review Papers","Seahorse XFe24/XF24, Seahorse XFe96/XF96, Seahorse XFp",Seahorse XF Technology,,N/A (review),N/A (review),Review Article,N/A (review),,Not Specified,Not Specified
https://www.ncbi.nlm.nih.gov/pubmed/30439637,Biological effects of the benzotriazole ultraviolet stabilizers UV-234 and UV-320 in early-staged zebrafish (Danio rerio),"X Liang, O Adamovsky, C L Souders 2nd, and C J Martyniuk",2-Nov-18,Environ Pollut,"Model Organisms, Stem Cell Biology, Toxicology Research",Seahorse XFe24/XF24,Seahorse XF Technology,,Whole embryo,Embryonic cells,Cell Mitochondrial Stress Test,Zebrafish,,1 embryo/well,Not Specified
https://www.ncbi.nlm.nih.gov/pubmed/30664962,"Pyrazinib (P3), [(E)-2-(2-Pyrazin-2-yl-vinyl)-phenol], a small molecule pyrazine compound enhances radiosensitivity in oesophageal adenocarcinoma","A M Buckley, M R Dunne, N Lynam-Lennon, S A Kennedy, A Cannon, A L Reynolds, S G Maher, J V Reynolds, B N Kennedy, and J O'Sullivan",10-Apr-19,Cancer Lett,"Cancer Research, Drug Discovery",Seahorse XFe24/XF24,Seahorse XF Technology,,Whole embryo,Embryonic cells,Basal Metabolic Assay,Zebrafish,,Not Specified,Not Specified
https://www.sciencedirect.com/science/article/pii/S152500161730062X,"Polyplex Evolution: Understanding Biology, Optimizing Performance","Hall A, Lachelt U, Bartek J, Wagner E, Moghimi SM",5-Mar-17,Mol Ther,Toxicology Research,"Seahorse XFe24/XF24, Seahorse XFe96/XF96, Seahorse XFp",Seahorse XF Technology,,N/A (review),N/A (review),Review Article,N/A (review),,Not Specified,Not Specified
https://www.ncbi.nlm.nih.gov/pubmed/28887205,Approaches and techniques to characterize cancer metabolism in vitro and in vivo,"Zaimenko I, Lisec J, Stein U, Brenner W",5-Sep-17,Biochim Biophys Acta,"Cancer Research, Review Papers","Seahorse XFe24/XF24, Seahorse XFe96/XF96, Seahorse XFp",Seahorse XF Technology,,N/A (review),N/A (review),Not Specified,N/A (review),,Not Specified,Not Specified
https://www.ncbi.nlm.nih.gov/pubmed/30885766,The osteogenic effect of liraglutide involves enhanced mitochondrial biogenesis in osteoblasts,"S Pal, S K Maurya, S Chattopadhyay, S Pal China, K Porwal, C Kulkarni, S Sanyal, R A Sinha, and N Chattopadhyay",15-Mar-19,Biochem Pharmacol,"Cell Physiology Research, Obesity, Diabetes, and Metabolic Disorders","Seahorse XFe24/XF24, Seahorse XFe96/XF96, Seahorse XFp",Seahorse XF Technology,,N/A (review),N/A (review),Review Article,N/A (review),,Not Specified,Not Specified
https://www.sciencedirect.com/science/article/pii/S0165993619303668,Mass-spectrometric multi-omics linked to function – State-of-the-art investigations of mitochondria in systems medicine,"Kappler L, and Lehmann R",23-Aug-19,TrAC Trends in Analytical Chemistry,"Review Papers, Techniques and Methods","Seahorse XFe24/XF24, Seahorse XFe96/XF96",Seahorse XF Technology,,N/A (review),N/A (review),Review Article,N/A (review),,Not Specified,Not Specified
https://www.sciencedirect.com/science/article/pii/S0041008X17301813,"Quercetin, a natural product supplement, impairs mitochondrial bioenergetics and locomotor behavior in larval zebrafish (Danio rerio)","Zhang JL, Laurence Souders C 2nd, Denslow ND, Martyniuk CJ",25-Apr-17,Toxicol Appl Pharmacol,Toxicology Research,Seahorse XFe24/XF24,Seahorse XF Technology,,Whole embryo,Embryonic cells,Cell Mitochondrial Stress Test,Zebrafish,,Not Specified,Not Specified
https://www.researchgate.net/publication/315105650,Perspective Role of Carnosine in Tumor-Related Phenomena,Iuliano,8-Jul-16,Nova Science Publishers,"Cancer Research, Review Papers","Seahorse XFe24/XF24, Seahorse XFe96/XF96, Seahorse XFp",Seahorse XF Technology,,N/A (review),N/A (review),Not Specified,N/A (review),,Not Specified,Not Specified
https://www.ncbi.nlm.nih.gov/pubmed/26574299,"Oxidative stress - a key emerging impact factor in health, ageing, lifestyle and aesthetics","Kandola K, Bowman A, Birch-Machin MA",1-Dec-15,Int J Cosmet Sci,Cell Physiology Research,Seahorse XFe96/XF96,Seahorse XF Technology,,N/A (review),N/A (review),Review Article,N/A (review),,Not Specified,Not Specified
https://www.publish.csiro.au/an/an17322,Mitochondrial metabolism: a driver of energy utilisation and product quality?,"Hudson NJ, Bottje WG, Hawken RJ, Kong B, Okimoto R, Reverter A",23-Aug-17,Anim Prod Sci,Cell Physiology Research,"Seahorse XFe24/XF24, Seahorse XFe96/XF96, Seahorse XFp",Seahorse XF Technology,,N/A (review),N/A (review),Review Article,N/A (review),,Not Specified,Not Specified
https://www.ncbi.nlm.nih.gov/pmc/articles/PMC5398948/,Resistance to polycyclic aromatic hydrocarbon toxicity and associated bioenergetic consequences in a population of Fundulus heteroclitus,"Lindberg CD, Jayasundara N, Kozal JS, Leuthner TC, Di Giulio RT",17-Feb-17,Ecotoxicology,"Neurobiology Research, Toxicology Research","Seahorse XFe24/XF24, Seahorse XFe96/XF96, Seahorse XFp",Seahorse XF Technology,,Brain tissue,Brain Tissue,Basal Metabolic Assay,Killfish,,Not Specified,Not Specified
https://pubmed.ncbi.nlm.nih.gov/32498431/,Deciphering the Mechanisms of Improved Immunogenicity of Hypochlorous Acid-Treated Antigens in Anti-Cancer Dendritic Cell-Based Vaccines,"Graciotti M, Marino F, Pak H, Baumgaertner P, Thierry A-C, Chiffelle J, Perez MAS, Zoete V, Harari A, Bassani-Sternberg M and Kandalaft LE",2-Jul-20,Vaccines,"Cancer Research, Immunology Research, Infectious Disease Research","Seahorse XFe24/XF24, Seahorse XFe96/XF96, Seahorse XFp",Seahorse XF Technology,,N/A (review),N/A (review),Not Specified,N/A (review),,Not Specified,Not Specified
https://www.ncbi.nlm.nih.gov/pubmed/26851735,Hepatic transcriptomic and metabolic responses of hybrid striped bass (Morone saxatilis-Morone chrysops) to acute and chronic hypoxic insult,"Beck BH, Fuller SA, Li C, Green BW, Zhao H, Rawles SD, Webster CD, Peatman E",1-Jan-16,Comp Biochem Physiol Part D Genomics Proteomics,Model Organisms,Seahorse XFe24/XF24,Seahorse XF Technology,,Liver tissue,Hepatocytes,Basal Metabolic Assay,Fish,,Not Specified,Not Specified
https://www.ncbi.nlm.nih.gov/pubmed/28690189,Efavirenz: What is known about the cellular mechanisms responsible for its adverse effects,"Apostolova N, Blas-Garcia A, Galindo MJ, Esplugues JV",8-Jul-17,Eur J Pharmacol,Neurobiology Research,"Seahorse XFe24/XF24, Seahorse XFe96/XF96, Seahorse XFp",Seahorse XF Technology,,Glial cells,Neuronal cells,Not Specified,N/A (review),,Not Specified,Not Specified
https://www.ncbi.nlm.nih.gov/pubmed/29085369,Sugar or Fat?-Metabolic Requirements for Immunity to Viral Infections,"Shehata HM, Murphy AJ, Lee MKS, Gardiner CM, Crowe SM, Sanjabi S, Finlay DK, Palmer CS",16-Oct-17,Front Immunol,"Immunology Research, Infectious Disease Research, Review Papers","Seahorse XFe24/XF24, Seahorse XFe96/XF96, Seahorse XFp",Seahorse XF Technology,,N/A (review),N/A (review),Review Article,N/A (review),,Not Specified,Not Specified
https://www.ncbi.nlm.nih.gov/pmc/articles/PMC5398948/,Resistance to polycyclic aromatic hydrocarbon toxicity and associated bioenergetic consequences in a population of Fundulus heteroclitus,"Lindberg CD, Jayasundara N, Kozal JS, Leuthner TC, Di Giulio RT",17-Feb-17,Ecotoxicology,"Neurobiology Research, Toxicology Research","Seahorse XFe24/XF24, Seahorse XFe96/XF96, Seahorse XFp",Seahorse XF Technology,,Whole embryo,Embryonic cells,Basal Metabolic Assay,Killfish,,Not Specified,Not Specified
http://www.bloodadvances.org/content/3/4/599?sso-checked=true,Platelet respiration,"Kholmukhamedov A, Jobe S",26-Feb-19,Blood Adv,Techniques and Methods,"Seahorse XFe24/XF24, Seahorse XFe96/XF96, Seahorse XFp",Seahorse XF Technology,,N/A (review),N/A (review),Review Article,N/A (review),,Not Specified,Not Specified
https://www.ncbi.nlm.nih.gov/pubmed/33131684,Sodium dehydroacetate exposure decreases locomotor persistence and hypoxia tolerance in zebrafish,"Huang X, Zhao X, Zhu K, Ding S and Shao B",1-Apr-21,Environ Res,"Model Organisms, Toxicology Research",Seahorse XFe24/XF24,Seahorse XF Technology,,Larval cells,Larval cells,Cell Mitochondrial Stress Test,Zebrafish,,Not Specified,Not Specified
https://www.ncbi.nlm.nih.gov/pubmed/30457989,Loss of the Mia40a oxidoreductase leads to hepato-pancreatic insufficiency in zebrafish,"A M Sokol, B Uszczynska-Ratajczak, M M Collins, M Bazala, U Topf, P R Lundegaard, S Sugunan, S Guenther, C Kuenne, J Graumann, S S L Chan, D Y R Stainier, and A Chacinska",20-Nov-18,PLoS Genet,"Hepatobiology Research, Model Organisms",Seahorse XFe24/XF24,Seahorse XF Technology,,Whole embryo,Embryonic cells,Cell Mitochondrial Stress Test with additional injection,Zebrafish,,1 embryo/well,Not Specified
https://www.ncbi.nlm.nih.gov/pubmed/32967118,Microglia and Macrophages in the Pathological Central and Peripheral Nervous Systems,"Abe N, Nishihara T, Yorozuya T and Tanaka J",21-Sep-20,Cells,"Immunology Research, Neurobiology Research","Seahorse XFe24/XF24, Seahorse XFe96/XF96, Seahorse XFp",Seahorse XF Technology,,Macrophage,Immune cells,Not Specified,N/A (review),,Not Specified,Not Specified
https://www.ncbi.nlm.nih.gov/pubmed/31512320,Sperm mitochondrial regulation in motility and fertility in horses,"Meyers S, Bulkeley E, Foutouhi A",27-Apr-19,Reprod Domest Anim,"Aging Research, Cell Physiology Research","Seahorse XFe24/XF24, Seahorse XFe96/XF96",Seahorse XF Technology,,N/A (review),N/A (review),Review Article,N/A (review),,Not Specified,Not Specified
https://www.ncbi.nlm.nih.gov/pubmed/26368567,High-Throughput Tissue Bioenergetics Analysis Reveals Identical Metabolic Allometric Scaling for Teleost Hearts and Whole Organisms,"Jayasundara N, Kozal JS, Arnold MC, Chan SS, Di Giulio RT",1-Sep-15,PLoS One,Model Organisms,Seahorse XFe24/XF24,Seahorse XF Technology,,Brain tissue,Brain Tissue,Cell Mitochondrial Stress Test with additional injection,Mummichog,,Not Specified,Not Specified
https://www.ncbi.nlm.nih.gov/pubmed/29896705,Live Metabolic Profile Analysis of Zebrafish Embryos Using a Seahorse XF 24 Extracellular Flux Analyzer,"S T Bond, K A McEwen, P Yoganantharajah, and Y Gibert",1-Jun-18,Methods Mol Biol,"Model Organisms, Techniques and Methods",Seahorse XFe24/XF24,Seahorse XF Technology,,Whole embryo,Embryonic cells,Cell Mitochondrial Stress Test,Zebrafish,,Not Specified,Not Specified
https://www.ncbi.nlm.nih.gov/pubmed/31331036,"Rethinking ME/CFS Diagnostic Reference Intervals via Machine Learning, and the Utility of Activin B for Defining Symptom Severity","Lidbury BA, Kita B, Richardson AM, Lewis DP, Privitera E, Hayward S, de Kretser D, and Hedger M",19-Jul-19,Diagnostics (Basel),Review Papers,"Seahorse XFe24/XF24, Seahorse XFe96/XF96, Seahorse XFp",Seahorse XF Technology,,N/A (review),N/A (review),Review Article,N/A (review),,Not Specified,Not Specified
https://www.embopress.org/doi/10.15252/embr.202050287,Scaf1 promotes respiratory supercomplexes and metabolic efficiency in zebrafish,"García‐Poyatos C, Cogliati S, Calvo E, Hernansanz‐Agustín P, Lagarrigue S, Magni R, Botos M, Langa X, Amati F, Vázquez J, Mercader N and Enríquez JA",4-Jun-20,EMBO reports,Model Organisms,Seahorse XFe24/XF24,Seahorse XF Technology,,Embryonic cells,Embryonic cells,Cell Mitochondrial Stress Test,Zebrafish,,Not Specified,Not Specified
https://www.ncbi.nlm.nih.gov/pubmed/26427445,Small Molecules that Protect Mitochondrial Function from Metabolic Stress Decelerate Loss of Photoreceptor Cells in Murine Retinal Degeneration Models,"Beeson C, Lindsey C, Nasarre C, Bandyopadhyay M, Perron N, Rohrer B",1-Oct-15,Adv Exp Med Biol,Cell Physiology Research,Seahorse XFe96/XF96,Seahorse XF Technology,,N/A (review),N/A (review),Review Article,N/A (review),,Not Specified,Not Specified
https://www.ncbi.nlm.nih.gov/pubmed/32315314,Spastin mutations impair coordination between lipid droplet dispersion and reticulum,"Arribat Y, Grepper D, Lagarrigue S, Qi T, Cohen S and Amati F",1-Apr-20,PLoS Genet,"Model Organisms, Obesity, Diabetes, and Metabolic Disorders",Seahorse XFe24/XF24,Seahorse XF Technology,,Embryonic cells,Embryonic cells,Other,Zebrafish,,Not Specified,Not Specified
https://www.ncbi.nlm.nih.gov/pubmed/28397687?dopt=Abstract,A metabolic switch controls intestinal differentiation downstream of Adenomatous polyposis coli (APC),"Sandoval IT, Delacruz RG, Miller BN, Hill S, Olson KA, Gabriel AE, Boyd K, Satterfield C, Remmen HV, Rutter J, Jones DA",11-Apr-17,Elife,"Cancer Research, Model Organisms",Seahorse XFe24/XF24,Seahorse XF Technology,,Whole embryo,Embryonic cells,Basal Metabolic Assay,Zebrafish,,Not Specified,Not Specified
https://www.ncbi.nlm.nih.gov/pubmed/32093962,"Assessments of sperm quality integrating morphology, swimming patterns, bioenergetics and cell signalling",Roldan ERS,1-Jul-20,Theriogenology,Cell Physiology Research,"Seahorse XFe24/XF24, Seahorse XFe96/XF96, Seahorse XFp",Seahorse XF Technology,,Sperm cells,Sperm cells,Not Specified,N/A (review),,Not Specified,Not Specified
https://efsa.onlinelibrary.wiley.com/doi/full/10.2903/j.efsa.2017.4691,Investigation into experimental toxicological properties of plant protection products having a potential link to Parkinsons disease and childhood leukaemia,"Ockleford C, Adriaanse P, Berny P, Brock T, Duquesne S, Grilli S, Hernandez-Jerez AF, Bennekou SH, Klein M, Kuhl T, Laskowski R, Machera K, Pelkonen O, Pieper S, Smith R, Stemmer M, Sundh I, Teodorovic I, Tiktak A, Topping CJ, Wolterink G, Angeli K, Fritsche E, Hernandez-Jerez AF, Leist M, Mantovani A, Menendez P, Pelkonen O, Price A, Viviani B, Chiusolo A, Ruffo F, Terron A, Bennekou SH",9-Mar-17,EFSA J,Toxicology Research,"Seahorse XFe24/XF24, Seahorse XFe96/XF96, Seahorse XFp",Seahorse XF Technology,,N/A (review),N/A (review),Review Article,N/A (review),,Not Specified,Not Specified
https://www.ncbi.nlm.nih.gov/pubmed/30936431,"High-throughput, label-free, single-cell photoacoustic microscopy of intratumoral metabolic heterogeneity","P Hai, T Imai, S Xu, R Zhang, R L Aft, J Zou, and L V Wang",1-May-19,Nat Biomed Eng,"Cancer Research, Techniques and Methods","Seahorse XFe24/XF24, Seahorse XFe96/XF96, Seahorse XFp",Seahorse XF Technology,,N/A (review),N/A (review),Review Article,N/A (review),,Not Specified,Not Specified
https://journals.plos.org/plosone/article?id=10.1371/journal.pone.0059218,Opa1 is required for proper mitochondrial metabolism in early development,"Rahn JJ, Stackley KD, Chan SS",1-Mar-13,PLoS One,Model Organisms,Seahorse XFe24/XF24,Seahorse XF Technology,,Whole embryo,Embryonic cells,Basal Metabolic Assay,Zebrafish,,Not Specified,Not Specified
https://pubmed.ncbi.nlm.nih.gov/33842883/,Enhancing glucose metabolism via gluconeogenesis is therapeutic in a zebrafish model of Dravet syndrome,"Banerji R, Huynh C, Figueroa F, Dinday MT, Baraban SC and Patel M",13-Apr-21,Brain Commun,Neurobiology Research,Seahorse XFe24/XF24,Seahorse XF Technology,,Larval cells,Larval cells,Cell Mitochondrial Stress Test,Zebrafish,,1 embryo/well,Not Specified
https://www.ncbi.nlm.nih.gov/pubmed/29494911,Toxic effects and foundation of proton radiation on the early-life stage of zebrafish development,"X Li, X Zha, Y Wang, R Jia, B Hu, and B Zhao",23-Feb-18,Chemosphere,"Model Organisms, Toxicology Research",Seahorse XFe24/XF24,Seahorse XF Technology,,Whole embryo,Embryonic cells,Basal Metabolic Assay,Zebrafish,,Not Specified,Not Specified
https://rd.springer.com/chapter/10.1007%2F11663_2018_2,Microphysiometry,"Brischwein M, and Wiest J",2-Feb-18,Bioanalytical Reviews,"Review Papers, Techniques and Methods","Seahorse XFe24/XF24, Seahorse XFe96/XF96, Seahorse XFp",Seahorse XF Technology,,N/A (review),N/A (review),Review Article,N/A (review),,Not Specified,Not Specified
https://www.ncbi.nlm.nih.gov/pubmed/30846767,Phagosomal and mitochondrial alterations in RPE may contribute to KCNJ13 retinopathy,"M Toms, T Burgoyne, D Tracey-White, R Richardson, A M Dubis, A R Webster, C Futter, and M Moosajee",7-Mar-19,Sci Rep,Neurobiology Research,Seahorse XFe96/XF96,Seahorse XF Technology,,Retinal Punches,Retinal cells,Basal Metabolic Assay,Zebrafish,,0.0755 mm punches,Not Specified
https://www.ncbi.nlm.nih.gov/pubmed/29619452,Microsensor systems for cell metabolism - from 2D culture to organ-on-chip,"J Kieninger, A Weltin, H Flamm, and G A Urban",1-May-18,Lab Chip,"Review Papers, Techniques and Methods","Seahorse XFe24/XF24, Seahorse XFe96/XF96, Seahorse XFp",Seahorse XF Technology,,N/A (review),N/A (review),Review Article,N/A (review),,Not Specified,Not Specified
https://www.ncbi.nlm.nih.gov/pubmed/29984105,"Near-simultaneous quantification of glucose uptake, mitochondrial membrane potential, and vascular parameters in murine flank tumors using quantitative diffuse reflectance and fluorescence spectroscopy","C Zhu, H L Martin, B T Crouch, A F Martinez, M Li, G M Palmer, M W Dewhirst, and N Ramanujam",1-Jul-18,Biomed Opt Express,"Cancer Research, Techniques and Methods","Seahorse XFe24/XF24, Seahorse XFe96/XF96, Seahorse XFp",Seahorse XF Technology,,N/A (review),N/A (review),Review Article,N/A (review),,Not Specified,Not Specified
https://pubmed.ncbi.nlm.nih.gov/20627962/,A model of Costeff Syndrome reveals metabolic and protective functions of mitochondrial OPA3,"Pei W, Kratz LE, Bernardini I, Sood R, Yokogawa T, Dorward H, Ciccone C, Kelley RI, Anikster Y, Burgess HA, Huizing M, Feldman B",1-Aug-10,Development,"Model Organisms, Obesity, Diabetes, and Metabolic Disorders",Seahorse XFe24/XF24,Seahorse XF Technology,,Whole embryo,Embryonic cells,Cell Mitochondrial Stress Test,Zebrafish,,4 embryos/well,Not Specified
https://www.ncbi.nlm.nih.gov/pubmed/29928682,Integration of Sensors in Gastrointestinal Organoid Culture for Biological Analysis,"Kim GA, Ginga N J, and Takayama S",26-Mar-18,Cell Mol Gastroenterol Hepatol,"Review Papers, Techniques and Methods","Seahorse XFe24/XF24, Seahorse XFe96/XF96, Seahorse XFp",Seahorse XF Technology,,N/A (review),N/A (review),"Basal Metabolic Assay, Cell Mitochondrial Stress Test",N/A (review),,Not Specified,Not Specified
https://www.ncbi.nlm.nih.gov/pubmed/31780362,Butylated hydroxytoluene induces hyperactivity and alters dopamine-related gene expression in larval zebrafish (Danio rerio),"Liang X, Zhao Y, Liu W, Li Z, Souders CL, 2nd and Martyniuk CJ",14-Nov-19,Environ Pollut,"Model Organisms, Stem Cell Biology, Toxicology Research",Seahorse XFe24/XF24,Seahorse XF Technology,,Embryonic cells,Embryonic cells,Cell Mitochondrial Stress Test,Zebrafish,,1 embryo/well,Not Specified
https://www.ncbi.nlm.nih.gov/pubmed/32446185,Assessing the toxicity of the benzamide fungicide zoxamide in zebrafish (Danio rerio): Towards an adverse outcome pathway for beta-tubulin inhibitors,"Zhang X, Zhang P, Perez-Rodriguez V, Souders CL, 2nd and Martyniuk CJ",1-Aug-20,Environ Toxicol Pharmacol,"Model Organisms, Stem Cell Biology, Toxicology Research",Seahorse XFe24/XF24,Seahorse XF Technology,,Embryonic cells,Embryonic cells,Cell Mitochondrial Stress Test,Zebrafish,,Not Specified,Not Specified
https://www.ncbi.nlm.nih.gov/pubmed/32891423,Immunometabolic control of trained immunity,Riksen NP and Netea MG,2-Sep-20,Mol Aspects Med,"Immunology Research, Review Papers","Seahorse XFe24/XF24, Seahorse XFe96/XF96, Seahorse XFp",Seahorse XF Technology,,Macrophage,Immune cells,Not Specified,N/A (review),,Not Specified,Not Specified
https://www.sciencedirect.com/science/article/pii/S2352451020300068,Differential chemical imaging of extracellular acidification within microfluidic channels using a plasma-functionalized light-addressable potentiometric sensor (LAPS),"Özsoylu D, Kizildag S, Schöning MJ and Wagner T",3-Jun-20,Physics in Medicine,Techniques and Methods,"Seahorse XFe24/XF24, Seahorse XFe96/XF96, Seahorse XFp",Seahorse XF Technology,,N/A (review),N/A (review),Not Specified,N/A (review),,Not Specified,Not Specified
https://www.ncbi.nlm.nih.gov/pubmed/32967118,Microglia and Macrophages in the Pathological Central and Peripheral Nervous Systems,"Abe N, Nishihara T, Yorozuya T and Tanaka J",21-Sep-20,Cells,"Immunology Research, Neurobiology Research","Seahorse XFe24/XF24, Seahorse XFe96/XF96, Seahorse XFp",Seahorse XF Technology,,Microglia,"Immune cells, Neuronal cells",Not Specified,N/A (review),,Not Specified,Not Specified
https://www.ncbi.nlm.nih.gov/pubmed/29373639,A novel metabolism-based phenotypic drug discovery platform in zebrafish uncovers HDACs 1 and 3 as a potential combined anti-seizure drug target,"K Ibhazehiebo, C Gavrilovici, C L de la Hoz, S C Ma, R Rehak, G Kaushik, P L Meza Santoscoy, L Scott, N Nath, D Y Kim, J M Rho, and D M Kurrasch",24-Jan-18,Brain,"Model Organisms, Neurobiology Research",Seahorse XFe24/XF24,Seahorse XF Technology,,Whole embryo,Embryonic cells,Cell Mitochondrial Stress Test,Zebrafish,,2-4 embryos/well,Not Specified
https://www.medscape.com/medline/abstract/28413863,Metabolism and homeostasis in the kidney: metabolic regulation through insulin signaling in the kidney,"Kuczkowski A, Brinkkoetter PT",17-Apr-17,Cell Tissue Res,"Nephrology Research, Obesity, Diabetes, and Metabolic Disorders",Seahorse XFe24/XF24,Seahorse XF Technology,,N/A (review),N/A (review),Review Article,N/A (review),,Not Specified,Not Specified
https://www.sciencedirect.com/science/article/pii/B9780128014158000163,Analysis and Interpretation of Microplate-Based Oxygen Consumption and pH Data,"Divakaruni AS, Paradyse A, Ferrick DA, Murphy AN, Jastroch M",1-Nov-14,Methods Enzymol,Techniques and Methods,"Seahorse XFe24/XF24, Seahorse XFe96/XF96, Seahorse XFp",Seahorse XF Technology,,N/A (review),N/A (review),Review Article,N/A (review),,Not Specified,Not Specified
https://www.ncbi.nlm.nih.gov/pubmed/32417171,Mitochondria as targets for toxicity and metabolism research using zebrafish,"Azevedo RDS, Falcao KVG, Amaral IPG, Leite ACR and Bezerra RS",1-Aug-20,Biochim Biophys Acta Gen Subj,"Model Organisms, Toxicology Research","Seahorse XFe24/XF24, Seahorse XFe96/XF96, Seahorse XFp",Seahorse XF Technology,,Embryonic cells,Embryonic cells,Not Specified,Zebrafish,,Not Specified,Not Specified
https://www.sciencedirect.com/science/article/pii/S1567724914001317,"Type 2 Transglutaminase, mitochondria and Huntingtons disease: Menage a trois","Altuntas S, DEletto M, Rossin F, Hidalgo LD, Farrace MG, Falasca L, Piredda L, Cocco S, Mastroberardino PG, Piacentini M, Campanella M",1-Sep-14,Mitochondrion,"Cell Physiology Research, Neurobiology Research","Seahorse XFe24/XF24, Seahorse XFe96/XF96, Seahorse XFp",Seahorse XF Technology,,N/A (review),N/A (review),Review Article,N/A (review),,Not Specified,Not Specified
http://content.iospress.com/articles/journal-of-neuromuscular-diseases/jnd150133,Can Human Pluripotent Stem Cell-Derived Cardiomyocytes Advance Understanding of Muscular Dystrophies?,"Kalra S, Montanaro F, Denning C",1-Jun-16,J Neuromuscul Dis,"Neurobiology Research, Stem Cell Biology",Seahorse XFe24/XF24,Seahorse XF Technology,,N/A (review),N/A (review),Review Article,N/A (review),,Not Specified,Not Specified
https://www.ncbi.nlm.nih.gov/pubmed/30485759,Cellular Metabolism in Lung Health and Disease,"G Liu, and R Summer",10-Feb-19,Annu Rev Physiol,"Cardiovascular Research, Review Papers","Seahorse XFe24/XF24, Seahorse XFe96/XF96, Seahorse XFp",Seahorse XF Technology,,N/A (review),N/A (review),Review Article,N/A (review),,Not Specified,Not Specified
https://www.ncbi.nlm.nih.gov/pubmed/27012580,Assessing Cardiac Metabolism: A Scientific Statement From the American Heart Association,"Taegtmeyer H, Young ME, Lopaschuk GD, Abel ED, Brunengraber H, Darley-Usmar V, Des Rosiers C, Gerszten R, Glatz JF, Griffin JL, Gropler RJ, Holzhuetter HG, Kizer JR, Lewandowski ED, Malloy CR, Neubauer S, Peterson LR, Portman MA, Recchia FA, Van Eyk JE, W",1-Mar-16,Circ Res,Cardiovascular Research,Seahorse XFe24/XF24,Seahorse XF Technology,,N/A (review),N/A (review),Review Article,N/A (review),,Not Specified,Not Specified
https://www.ncbi.nlm.nih.gov/pubmed/29185873,"In Vivo Determination of Mitochondrial Respiration in 1-Methyl-4-Phenyl-1,2,3,6-Tetrahydropyridine-Treated Zebrafish Reveals the Efficacy of Melatonin in Restoring Mitochondrial Normalcy","Diaz-Casado ME, Rusanova I, Aranda P, Fernandez-Ortiz M, Sayed RKA, Fernandez-Gil BI, Hidalgo-Gutierrez A, Escames G, Lopez LC, Acuna-Castroviejo D",15-Feb-18,Zebrafish,"Model Organisms, Neurobiology Research, Stem Cell Biology, Toxicology Research",Seahorse XFe24/XF24,Seahorse XF Technology,,Whole embryo,Embryonic cells,Cell Mitochondrial Stress Test,Zebrafish,,1 embryo/well,Not Specified
https://www.ncbi.nlm.nih.gov/pubmed/32033258,Is the Arginase Pathway a Novel Therapeutic Avenue for Diabetic Retinopathy?,"Shosha E, Fouda AY, Narayanan SP, Caldwell RW and Caldwell RB",5-Feb-20,J Clin Med,"Neurobiology Research, Obesity, Diabetes, and Metabolic Disorders","Seahorse XFe24/XF24, Seahorse XFe96/XF96, Seahorse XFp",Seahorse XF Technology,,Retinal Punches,Retinal cells,Not Specified,N/A (review),,Not Specified,Not Specified
https://www.ncbi.nlm.nih.gov/pubmed/32811789,"Mitochondrial electron transport chain: Oxidative phosphorylation, oxidant production, and methods of measurement","Nolfi-Donegan D, Braganza A and Shiva S",6-Aug-20,Redox Biol,Review Papers,"Seahorse XFe24/XF24, Seahorse XFe96/XF96, Seahorse XFp",Seahorse XF Technology,,N/A (review),N/A (review),Fatty Acid Oxidation,N/A (review),,Not Specified,Not Specified
https://link.springer.com/chapter/10.1007/978-1-4614-5847-0_2,The Warburg Effect and Beyond: Metabolic Dependencies for Cancer Cells,"Hockenbery D, Tom M, Abikoff C, and Margineantu D",1-Feb-13,Cell Death in Biology and Diseases,Cancer Research,"Seahorse XFe24/XF24, Seahorse XFe96/XF96, Seahorse XFp",Seahorse XF Technology,,N/A (review),N/A (review),Review Article,N/A (review),,Not Specified,Not Specified
https://www.ncbi.nlm.nih.gov/pubmed/29123197,A Microdevice Platform Recapitulating Hypoxic Tumor Microenvironments,"Ando Y, Ta HP, Yen DP, Lee SS, Raola S, Shen K",9-Nov-17,Sci Rep,"Cancer Research, Techniques and Methods","Seahorse XFe24/XF24, Seahorse XFe96/XF96, Seahorse XFp",Seahorse XF Technology,,N/A (review),N/A (review),Review Article,N/A (review),,Not Specified,Not Specified
https://www.ncbi.nlm.nih.gov/pubmed/31051251,High-throughput extracellular pH monitoring and antibiotics screening by polymeric fluorescent sensor with LCST property,"T Pan, C Yang, J Li, J Jiang, J Wen, Z Wang, K Zhong, Y Tian, and M Chen",30-Apr-19,Methods,"Review Papers, Techniques and Methods","Seahorse XFe24/XF24, Seahorse XFe96/XF96, Seahorse XFp",Seahorse XF Technology,,N/A (review),N/A (review),Review Article,N/A (review),,Not Specified,Not Specified
https://www.researchgate.net/publication/332591873,Electron carriers and energy conservation in mitochondrial respiration,Ramsay RR,23-Apr-19,ChemTexts,Review Papers,"Seahorse XFe24/XF24, Seahorse XFe96/XF96, Seahorse XFp",Seahorse XF Technology,,N/A (review),N/A (review),Review Article,N/A (review),,Not Specified,Not Specified
https://www.sciencedirect.com/science/article/pii/B9780124166189000078,Extracellular flux analysis to monitor glycolytic rates and mitochondrial oxygen consumption,"Pelletier M, Billingham LK, Ramaswamy M, Siegel RM",1-Jun-14,Methods Enzymol,Techniques and Methods,"Seahorse XFe24/XF24, Seahorse XFe96/XF96, Seahorse XFp",Seahorse XF Technology,,N/A (review),N/A (review),Review Article,N/A (review),,Not Specified,Not Specified
https://www.ncbi.nlm.nih.gov/pubmed/29044214,Limits of aerobic metabolism in cancer cells,"J Fernandez-de-Cossio-Diaz, and A Vazquez",18-Oct-17,Sci Rep,Cancer Research,"Seahorse XFe24/XF24, Seahorse XFe96/XF96, Seahorse XFp",Seahorse XF Technology,,N/A (review),N/A (review),Review Article,N/A (review),,Not Specified,Not Specified
https://www.ncbi.nlm.nih.gov/pubmed/29486206,Real-time multiparameter study of mitochondrial functions: Instrumental and analytical approaches,Krasnikov BF,24-Feb-18,Anal Biochem,Techniques and Methods,"Seahorse XFe24/XF24, Seahorse XFe96/XF96, Seahorse XFp",Seahorse XF Technology,,N/A (review),N/A (review),Review Article,N/A (review),,Not Specified,Not Specified
https://www.ncbi.nlm.nih.gov/pubmed/33360065,Evaluation and comparison of the mitochondrial and developmental toxicity of three strobilurins in zebrafish embryo/larvae,"Yang L, Huang T, Li R, Souders CL 2nd, Rheingold S, Tischuk C, Li N, Zhou B and Martyniuk CJ",29-Dec-20,Environ Pollut,Toxicology Research,Seahorse XFe24/XF24,Seahorse XF Technology,,Embryonic cells,Embryonic cells,Cell Mitochondrial Stress Test,Zebrafish,,1 embryo/well,Not Specified
https://www.ncbi.nlm.nih.gov/pubmed/28738167,Methylene blue improves mitochondrial respiration and decreases oxidative stress in a substrate-dependent manner in diabetic rat hearts,"Duicu OM, Privistirescu A, Wolf A, Petruş A, Dănilă MD, Raţiu CD, Muntean DM, Sturza A",24-Jul-17,Can J Physiol Pharmacol,"Cardiovascular Research, Obesity, Diabetes, and Metabolic Disorders",Seahorse XFe24/XF24,Seahorse XF Technology,,N/A (review),N/A (review),Review Article,N/A (review),,Not Specified,Not Specified
https://www.ncbi.nlm.nih.gov/pubmed/29601123,Hydrogen sulfide in physiology and pathogenesis of bacteria and viruses,"V K Pal, P Bandyopadhyay, and A Singh",30-Mar-18,IUBMB Life,"Infectious Disease Research, Review Papers","Seahorse XFe24/XF24, Seahorse XFe96/XF96, Seahorse XFp",Seahorse XF Technology,,N/A (review),N/A (review),Review Article,N/A (review),,Not Specified,Not Specified
https://www.ncbi.nlm.nih.gov/pubmed/31254858,Optimization of experimental conditions and measurement of oxygen consumption rate (OCR) in zebrafish embryos exposed to organophosphate flame retardants (OPFRs),"Lee S, Lee H, and Kim KT",30-Oct-19,Ecotoxicol Environ Saf,"Model Organisms, Stem Cell Biology, Toxicology Research",Seahorse XFe24/XF24,Seahorse XF Technology,,Whole embryo,Embryonic cells,Cell Mitochondrial Stress Test with additional injection,Zebrafish,,Not Specified,Not Specified
https://www.ncbi.nlm.nih.gov/pubmed/29766399,Consensus guidelines for the use and interpretation of angiogenesis assays,"Nowak-Sliwinska P, Alitalo K, Allen E, Anisimov A, Aplin AC, Auerbach R, Augustin HG, Bates DO, van Beijnum JR, Bender RHF, Bergers G, Bikfalvi A, Bischoff J, Böck BC, Brooks PC, Bussolino F, Cakir B, Carmeliet P, Castranova D, Cimpean AM, Cleaver O, Coukos G, Davis GE, De Palma M, Dimberg A, Dings RPM, Djonov V, Dudley AC, Dufton NP, Fendt SM, Ferrara N, Fruttiger M, Fukumura D, Ghesquière B, Gong Y, Griffin RJ, Harris AL, Hughes CCW, Hultgren NW, Iruela-Arispe ML, Irving M, Jain RK, Kalluri R, Kalucka J, Kerbel RS, Kitajewski J, Klaassen I, Kleinmann HK, Koolwijk P, Kuczynski E, Kwak BR, Marien K, Melero-Martin JM, Munn LL, Nicosia RF, Noel A, Nurro J, Olsson AK, Petrova TV, Pietras K, Pili R, Pollard JW, Post MJ, Quax PHA, Rabinovich GA, Raica M, Randi AM, Ribatti D, Ruegg C, Schlingemann RO, Schulte-Merker S, Smith LEH, Song JW, Stacker SA, Stalin J, Stratman AN, Van de Velde M, van Hinsbergh VWM, Vermeulen PB, Waltenberger J, Weinstein BM, Xin H, Yetkin-Arik B, Yla-Herttuala S, Yoder MC, Griffioen AW",15-May-18,Angiogenesis,"Cell Physiology Research, Review Papers, Techniques and Methods","Seahorse XFe24/XF24, Seahorse XFe96/XF96, Seahorse XFp",Seahorse XF Technology,,N/A (review),N/A (review),"Cell Mitochondrial Stress Test, Glycolysis Stress Test",N/A (review),,3.0x10^4 cells/well,Not Specified
https://www.ncbi.nlm.nih.gov/pubmed/29049930,Antibiotic efficacy-context matters,"Yang JH, Bening SC, Collins JJ",16-Oct-17,Curr Opin Microbiol,"Review Papers, Toxicology Research","Seahorse XFe24/XF24, Seahorse XFe96/XF96, Seahorse XFp",Seahorse XF Technology,,N/A (review),N/A (review),Review Article,N/A (review),,Not Specified,Not Specified
https://www.ncbi.nlm.nih.gov/pubmed/28604124,Test systems in drug discovery for hazard identification and risk assessment of human drug-induced liver injury,"Weaver RJ, Betts C, Blomme EAG, Gerets HHJ, Gjervig Jensen K, Hewitt PG, Juhila S, Labbe G, Liguori MJ, Mesens N, Ogese MO, Persson M, Snoeys J, Stevens JL, Walker T, Park BK",3-Jul-17,Expert Opin Drug Metab Toxicol,"Drug Discovery, Techniques and Methods, Toxicology Research",Seahorse XFe96/XF96,Seahorse XF Technology,,N/A (review),N/A (review),Review Article,N/A (review),,Not Specified,Not Specified
https://www.nature.com/articles/494131a,Tracking metastasis and tricking cancer,Marx V,1-Feb-13,Nature,Cancer Research,"Seahorse XFe24/XF24, Seahorse XFe96/XF96, Seahorse XFp",Seahorse XF Technology,,N/A (review),N/A (review),Review Article,N/A (review),,Not Specified,Not Specified
https://www.ncbi.nlm.nih.gov/pubmed/26603930,Alternative mitochondrial electron transfer for the treatment of neurodegenerative diseases and cancers: Methylene blue connects the dots,"Yang SH, Li W, Sumien N, Forster M, Simpkins JW, Liu R",1-Nov-15,Prog Neurobiol,Neurobiology Research,"Seahorse XFe24/XF24, Seahorse XFe96/XF96, Seahorse XFp",Seahorse XF Technology,,N/A (review),N/A (review),Review Article,N/A (review),,Not Specified,Not Specified
https://www.ncbi.nlm.nih.gov/pubmed/29631217,High-throughput assessment of oxidative respiration in fish embryos: Advancing adverse outcome pathways for mitochondrial dysfunction,"C L Souders 2nd, X Liang, X Wang, N Ector, Y H Zhao, and C J Martyniuk",27-Mar-18,Aquat Toxicol,"Drug Discovery, Mitochondrial Disease Research, Model Organisms, Review Papers, Stem Cell Biology, Techniques and Methods, Toxicology Research","Seahorse XFe24/XF24, Seahorse XFe96/XF96",Seahorse XF Technology,,Whole embryo,Embryonic cells,Cell Mitochondrial Stress Test,Zebrafish,,Not Specified,Not Specified
,,,,,,,,,,,,,,,
,,,,,,,,,,,,,,,
Useful links,,,,,,,,,,,,,,,
https://www.youtube.com/watch?v=zY0x-HGw7zU&ab_channel=CaymanChemical,,,,,,,,,,,,,,,
,,,,,,,,,,,,,,,
https://www.agilent.com/search/?N=4294836537%204294836529%204294835704%204294835102&fbclid=IwAR0bmSx3MdZztpGo5HjRhH5Y1iUzDx5m-3YL2WKJRhow5b3z9Ud02hQRjaY,,,,,,,,,,,,,,,
,,,,,,,,,,,,,,,
https://www.agilent.com/search/?N=4294836537+4294835752+4294836529+4294836538+4294835102+4294769944+4294833145+4294819699,,,,,,,,,,,,,,,
