eggID,bd_liz_id,toeClip,sex,clutch,egg_encl_ID,species,trt,mortality,liz_status,season,date_egg_laid_.day.m.year..,date_egg_laid_.year.m.day.,hatch_date_.year.m.day.,Hatch_data_.day.m.year.,egg_mass,egg_length_mm,egg_width_mm,bd_svl_orig_mm,bd_tail_orig_mm,notes
EG625_21,NA,NA,NA,CL185_21,E014_M,delicata,CORT_28_5pg,0,DEAD,2021/22,22/12/2021,21/12/2022,NA,NA,0.126,9.15,4.69,NA,NA,egg died 31/1/22
EG626_21,NA,NA,NA,CL186_21,E018_M,delicata,CORT_23_10pg,0,DEAD,2021/22,22/12/2021,21/12/2022,NA,NA,0.146,8.85,5.69,NA,NA,egg died 27/12/21
EG627_21,NA,NA,NA,CL186_21,E018_M,delicata,C_28,0,DEAD,2021/22,22/12/2021,21/12/2022,NA,NA,0.142,8.55,5.71,NA,NA,egg died 31/12/21
EG628_21,NA,NA,NA,CL186_21,E018_M,delicata,CORT_23_5pg,0,DEAD,2021/22,22/12/2021,21/12/2022,NA,NA,0.134,8.86,5.2,NA,NA,egg died 3/01/21
EG629_21,NA,NA,NA,CL186_21,E018_M,delicata,CORT_28_5pg,0,DEAD,2021/22,22/12/2021,21/12/2022,NA,NA,0.139,8.36,5.72,NA,NA,egg died 31/12/21
EG630_21,NA,NA,NA,CL187_21,E017_M,delicata,C_28,0,DEAD,2021/22,22/12/2021,21/12/2022,NA,NA,0.127,8.76,5.25,NA,NA,egg died 5/1/22
EG631_21,NA,NA,NA,CL187_21,E017_M,delicata,C_23,0,DEAD,2021/22,22/12/2021,21/12/2022,NA,NA,0.125,8.52,5.38,NA,NA,egg died 5/1/22
EG632_21,?,,,CL187_21,E017_M,delicata,CORT_23_10pg,1,ALIVE,2021/22,22/12/2021,21/12/2022,,,0.143,8.87,5.52,NA,NA,
EG633_21,NA,NA,NA,CL187_21,E017_M,delicata,CORT_23_5pg,0,DEAD,2021/22,22/12/2021,21/12/2022,NA,NA,0.139,8.68,5.45,NA,NA,egg died 31/12/21
EG634_21,NA,NA,NA,CL188_21,E029_F120,delicata,CORT_28_10pg,0,DEAD,2021/22,22/12/2021,21/12/2022,NA,NA,0.105,8.53,4.75,NA,NA,egg died 27/12/21
EG635_21,NA,NA,NA,CL188_21,E029_F120,delicata,C_28,0,DEAD,2021/22,22/12/2021,21/12/2022,NA,NA,0.099,8.57,5.09,NA,NA,egg died 27/12/21
EG636_21,NA,NA,NA,CL188_21,E029_F120,delicata,CORT_23_10pg,0,DEAD,2021/22,22/12/2021,21/12/2022,NA,NA,0.113,7.89,5.08,NA,NA,egg died 27/12/21
EG637_21,NA,NA,NA,CL188_21,E029_F120,delicata,CORT_23_5pg,0,DEAD,2021/22,22/12/2021,21/12/2022,NA,NA,0.109,8.4,4.91,NA,NA,egg died 27/12/21
EG638_21,NA,NA,NA,CL189_21,E013_M,delicata,CORT_28_10pg,0,DEAD,2021/22,22/12/2021,21/12/2022,NA,NA,0.125,8.17,5.48,NA,NA,eggd ied 27/12/21
EG639_21,NA,NA,NA,CL190_21,E020_F120,delicata,CORT_28_5pg,0,DEAD,2021/22,24/12/2021,21/12/2024,NA,NA,0.132,8.22,5.64,NA,NA,
EG640_21,LD640_21,,,CL190_21,E020_F120,delicata,C_28,1,ALIVE,2021/22,24/12/2021,21/12/2024,22/1/1931,,0.138,8.54,5.79,16,22,
EG641_21,LD641_21,,,CL190_21,E020_F120,delicata,CORT_28_10pg,0,DEAD,2021/22,24/12/2021,21/12/2024,22/1/1931,,0.129,8.84,5.54,17,22,died after hatching; 31/1/22
EG642_21,LD642_21,,,CL191_21,E019_F120,delicata,C_23,0,DEAD,2021/22,24/12/2021,21/12/2024,22/2/2011,,0.142,9.19,5.56,16,25,Euthanized 19/09/2022
EG643_21,LD643_21,,,CL191_21,E019_F120,delicata,CORT_23_10pg,0,DEAD,2021/22,24/12/2021,21/12/2024,22/2/2012,,0.13,8.61,5.47,14,25,died after hatching; 17/02/2022
EG644_21,LD644_21,,,CL191_21,E019_F120,delicata,CORT_23_5pg,1,ALIVE,2021/22,24/12/2021,21/12/2024,22/2/2014,,0.14,8.77,5.75,16,25,
EG645_21,LD645_21,,,CL192_21,E018_20,delicata,CORT_23_5pg,0,DEAD,2021/22,24/12/2021,21/12/2024,22/1/2010,,0.17,8.66,6.39,15,23,Euthanized 19/09/2022
EG646_21,NA,NA,NA,CL192_21,E018_20,NA,CORT_23_10pg,0,DEAD,2021/22,24/12/2021,21/12/2024,NA,NA,0.172,9.09,6.01,NA,NA,egg died 2/03/2022
EG647_21,NA,,,CL193_21,E001_F120,delicata,C_23,0,DEAD,2021/22,27/12/2021,21/12/2027,,,0.145,8.69,5.79,NA,NA,egg died 31/1/22
EG648_21,NA,,,CL193_21,E001_F120,delicata,CORT_23_10pg,0,DEAD,2021/22,27/12/2021,21/12/2027,,,0.102,7.39,5.3,NA,NA,egg died 3/01/21
EG649_21,NA,,,CL193_21,E001_F120,delicata,CORT_28_10pg,0,DEAD,2021/22,27/12/2021,21/12/2027,,,0.136,7.98,5.93,NA,NA,egg died 5/1/22
EG650_21,NA,,,CL193_21,E001_F120,delicata,CORT_28_5pg,0,DEAD,2021/22,27/12/2021,21/12/2027,,,0.098,6.99,5.4,NA,NA,egg died 5/1/22
EG651_21,LD651_21,,,CL193_21,E001_F120,delicata,C_28,1,ALIVE,2021/22,27/12/2021,21/12/2027,22/1/1931,,0.11,7.37,5.45,16,26,
EG652_21,LD652_21,,,CL194_21,E008_F120,delicata,C_23,1,ALIVE,2021/22,27/12/2021,21/12/2027,22/2/2013,,0.129,8.47,5.65,16,23,
EG653_21,NA,,,CL194_21,E008_F120,delicata,CORT_28_5pg,0,DEAD,2021/22,27/12/2021,21/12/2027,,,0.125,8.51,5.49,NA,NA,Died 31/12/21
EG654_21,LD654_21,,,CL194_21,E008_F120,delicata,C_28,1,ALIVE,2021/22,27/12/2021,21/12/2027,22/1/1931,,0.132,8.77,5.66,19,24,
EG655_21,NA,,,CL194_21,E008_F120,delicata,CORT_28_10pg,0,DEAD,2021/22,27/12/2021,21/12/2027,,,0.136,9.02,5.13,NA,NA,egg died 5/1/22
EG656_21,LD656_21,,,CL195_21,LD283_20/LD292_20,delicata,CORT_23_10pg,0,DEAD,2021/22,27/12/2021,21/12/2027,22/2/2014,,0.124,7.8,5.98,13,18,Hatchlin died 16/2/22
EG657_21,NA,,,CL195_21,LD283_20/LD292_20,delicata,CORT_28_10pg,0,DEAD,2021/22,27/12/2021,21/12/2027,,,0.134,7.25,5.96,NA,NA,egg died 5/1/22
EG658_21,LD658_21,,,CL195_21,LD283_20/LD292_20,delicata,C_28,1,ALIVE,2021/22,27/12/2021,21/12/2027,22/1/1931,,0.121,7.6,5.62,16,18,
EG659_21,LD659_21,,,CL195_21,LD283_20/LD292_20,delicata,CORT_28_5pg,0,DEAD,2021/22,27/12/2021,21/12/2027,22/1/1931,,0.121,7.28,6.03,16,20,died after hatching; 31/1/22
EG660_21,NA,,,CL196_21,LD416_20/396_20,delicata,CORT_23_10pg,0,DEAD,2021/22,27/12/2021,21/12/2027,,,0.097,8.23,4.8,NA,NA,note litle dehydrated; Died 31/12/21
EG661_21,NA,,,CL196_21,LD416_20/396_20,delicata,C_23,0,DEAD,2021/22,27/12/2021,21/12/2027,,,0.095,8.69,4.51,NA,NA,note litle dehydrated; egg died 3/01/21
EG662_21,NA,,,CL196_21,LD416_20/396_20,delicata,CORT_23_5pg,0,DEAD,2021/22,27/12/2021,21/12/2027,,,0.097,8.75,4.25,NA,NA,note litle dehydrated; egg died 3/01/21
EG663_21,NA,,,CL196_21,LD416_20/396_20,delicata,CORT_28_5pg,0,DEAD,2021/22,27/12/2021,21/12/2027,,,0.097,8.08,4.6,NA,NA,note litle dehydrated; egg died 3/01/21
EG664_21,NA,,,CL197_21,E007_F120,delicata,CORT_23_5pg,0,DEAD,2021/22,27/12/2021,21/12/2027,,,0.168,9.06,6.13,NA,NA,egg died 5/1/22
EG665_21,LD665_21,,,CL197_21,E007_F120,delicata,C_23,1,ALIVE,2021/22,27/12/2021,21/12/2027,22/2/2013,,NA,NA,NA,17,24,Note; accidnetly injected unmeasured egg; doh
EG666_21,LD666_21,,,CL197_21,E007_F120,delicata,CORT_23_10pg,1,ALIVE,2021/22,27/12/2021,21/12/2027,22/2/2014,,0.166,8.94,6.06,17,23,
E028-M-01,NA,,,CL198_21,E028_M,delicata,CORT_28_10pg,0,DEAD,2021/22,29/12/2021,21/12/2029,,,0.155,8.64,6.1,NA,NA,albumin leaked out; egg died 07/01/22
E028-M-02,LD_E028-M-02_21,,,CL198_21,E028_M,delicata,CORT_28_5pg,1,ALIVE,2021/22,29/12/2021,21/12/2029,22/1/1931,,0.171,9.06,6.18,18,22,
E028-M-03,NA,,,CL198_21,E028_M,delicata,C_28,0,DEAD,2021/22,29/12/2021,21/12/2029,,,0.148,8.46,5.94,NA,NA,egg died 3/01/21
E028-M-04,NA,,,CL198_21,E028_M,delicata,CORT_23_5pg,0,DEAD,2021/22,29/12/2021,21/12/2029,,,0.144,8.91,5.57,NA,NA,albumin leaked out; egg died 12/1/2022
E028-M-05,NA,,,CL198_21,E028_M,delicata,C_23,0,DEAD,2021/22,29/12/2021,21/12/2029,,,0.169,9.41,5.98,NA,NA,albumin leaked out; egg died 5/1/22
E030-M-01,LD_E030-M-01,,,CL199_21,E030_M,delicata,CORT_28_5pg,1,ALIVE,2021/22,29/12/2021,21/12/2029,22/1/1931,,0.138,7.31,6.05,17,23,"wasn't attached to clump of four eggs (separate clutch?), albumin leaked out"
E030-M-02,LD_E030-M-02,,,CL199_21,E030_M,delicata,C_28,1,ALIVE,2021/22,29/12/2021,21/12/2029,22/1/1931,,0.138,7.41,6.04,15,23,albumin leaked out; weird growth on side. Tumor?
E030-M-03,LD_E030-M-03,,,CL199_21,E030_M,delicata,C_23,0,DEAD,2021/22,29/12/2021,21/12/2029,22/2/2018,,0.153,7.96,6.11,17,22,albumin leaked out; egg died 12/1/2022
E030-M-04,LD_E030-M-02,,,CL199_21,E030_M,delicata,CORT_28_10pg,1,ALIVE,2021/22,29/12/2021,21/12/2029,22/1/1931,,0.147,7.89,6.11,16,24,albumin leaked out
E030-M-05,LD_E030-M-05,,,CL199_21,E030_M,delicata,CORT_23_5pg,0,MISSING,2021/22,29/12/2021,21/12/2029,22/2/2016,,0.134,8.21,5.76,16,21,albumin leaked out; Lizard escaped and is missing 23.Marc.22
E03LM-01,LD_E03LM-01,,,CL200_21,E03_M,delicata,CORT_28_5pg,0,DEAD,2021/22,29/12/2021,21/12/2029,22/1/1931,,0.18,8.77,6.46,18,27,albumin leaked out; died after hatching; 3/2/22
E03LM-02,LD_E03LM-02,,,CL200_21,E03_M,delicata,C_28,1,ALIVE,2021/22,29/12/2021,21/12/2029,22/1/1931,,0.158,8.29,5.96,17,26,albumin leaked out
E03LM-03,?,,,CL200_21,E03_M,delicata,CORT_28_10pg,1,ALIVE,2021/22,29/12/2021,21/12/2029,,,0.158,8.48,6.01,NA,NA,albumin leaked out
E03LM-04,NA,,,CL200_21,E03_M,delicata,CORT_23_5pg,0,DEAD,2021/22,29/12/2021,21/12/2029,,,0.158,8.97,5.79,NA,NA,albumin leaked out
E03LM-05,NA,,,CL200_21,E03_M,delicata,CORT_23_10pg,0,DEAD,2021/22,29/12/2021,21/12/2029,,,0.164,9.15,5.81,NA,NA,albumin leaked out; egg died 5/1/22
E018_F120-01,LD_E018_F120_01,,,CL201_21,E018_F120,delicata,CORT_28_5pg,1,ALIVE,2021/22,29/12/2021,21/12/2029,22/1/1931,,0.124,8.03,5.36,18,22,
E018_F120-02,NA,,,CL201_21,E018_F120,delicata,CORT_23_5pg,0,DEAD,2021/22,29/12/2021,21/12/2029,,,0.12,8.07,5.46,NA,NA,albumin leaked out; egg died 3/01/21
E018_F120-03,NA,,,CL201_21,E018_F120,delicata,C_23,0,DEAD,2021/22,29/12/2021,21/12/2029,,,0.124,8.08,5.66,NA,NA,egg died 12/1/2022
E018_F120-04,NA,,,CL201_21,E018_F120,delicata,CORT_23_10pg,0,DEAD,2021/22,29/12/2021,21/12/2029,,,0.116,8.37,5.19,NA,NA,egg died 3/01/21
E020_F120-01,NA,,,CL202_21,E020_F120,delicata,CORT_23_5pg,0,DEAD,2021/22,29/12/2021,21/12/2029,,,0.168,8.25,6.51,NA,NA,albumin leaked out; egg died 3/01/21
E020_F120-02,NA,,,CL202_21,E020_F120,delicata,C_23,0,DEAD,2021/22,29/12/2021,21/12/2029,,,0.121,8.24,5.47,NA,NA,egg died 3/01/21
E020_F120-03,NA,,,CL202_21,E020_F120,delicata,CORT_28_10pg,0,DEAD,2021/22,29/12/2021,21/12/2029,,,0.131,9.12,5.37,NA,NA,egg died 5/1/22
E020_F120-04,NA,,,CL202_21,E020_F120,delicata,CORT_23_10pg,0,DEAD,2021/22,29/12/2021,21/12/2029,,,0.136,9.2,5.52,NA,NA,albumin leaked out; egg died 3/01/21
E020_F120-05,NA,,,CL202_21,E020_F120,delicata,C_28,0,DEAD,2021/22,29/12/2021,21/12/2029,,,0.129,8.61,5.51,NA,NA,albumin leaked out; egg died 5/1/22
EG691_21,LD691_21,,,CL203_21,E002_F120,delicata,CORT_23_5pg,1,ALIVE,2021/22,31/12/2021,21/12/1931,22/2/2020,,0.135,8.34,5.65,16,23,
EG692_21,LD692_21,,,CL203_21,E002_F120,delicata,CORT_23_10pg,1,ALIVE,2021/22,31/12/2021,21/12/1931,22/2/2020,,0.129,8.43,5.51,15,23,
EG693_21,LD693_21,,,CL203_21,E002_F120,delicata,CORT_28_5pg,1,ALIVE,2021/22,31/12/2021,21/12/1931,22/2/2002,,0.125,8.11,5.58,19,24,
EG694_21,LD694_21,,,CL203_21,E002_F120,delicata,C_23,1,ALIVE,2021/22,31/12/2021,21/12/1931,22/2/2020,,0.131,8.27,5.5,16,22,
EG695_21,LD695_21,,,CL204_21,E022_F120,delicata,C_28,1,ALIVE,2021/22,31/12/2021,21/12/1931,22/1/1931,,0.159,8.84,6.06,18,24,
EG696_21,LD696_21,,,CL204_21,E022_F120,delicata,C_23,1,ALIVE,2021/22,31/12/2021,21/12/1931,22/2/2021,,0.149,8.02,6.13,17,23,
EG697_21,NA,,,CL204_21,E022_F120,delicata,CORT_23_10pg,0,DEAD,2021/22,31/12/2021,21/12/1931,,,0.141,8.44,5.65,NA,NA,egg died 31/1/22
EG698_21,LD698_21,,,CL204_21,E022_F120,delicata,CORT_28_5pg,1,ALIVE,2021/22,31/12/2021,21/12/1931,22/2/2001,,0.153,8.43,6.16,18,25,
EG699_21,LD699_21,,,CL204_21,E022_F120,delicata,CORT_23_5pg,1,ALIVE,2021/22,31/12/2021,21/12/1931,22/2/2020,,0.146,8.68,5.83,19,25,
EG700_21,LD700_21,,,CL205_21,E022_F120,delicata,C_23,0,DEAD,2021/22,31/12/2021,21/12/1931,22/2/2018,,0.157,8.25,6.27,16,20,Hatchling died 21/2/22
EG701_21,LD701_21,,,CL205_21,E022_F120,delicata,CORT_23_5pg,1,ALIVE,2021/22,31/12/2021,21/12/1931,22/2/2020,,0.156,9.27,5.72,16,24,
EG702_21,LD702_21,,,CL205_21,E022_F120,delicata,CORT_28_5pg,0,DEAD,2021/22,31/12/2021,21/12/1931,22/1/1931,,0.158,8.43,6,17,23,died at hatch
EG703_21,LD703_21,,,CL205_21,E022_F120,delicata,C_28,0,DEAD,2021/22,31/12/2021,21/12/1931,22/2/2004,,0.157,8.56,6.16,17,24,died after hatching; 4/2/22
EG704_21,LD704_21,,,CL206_21,E029_M,delicata,C_28,1,ALIVE,2021/22,31/12/2021,21/12/1931,22/1/1931,,0.121,8.25,5.58,17,22,
EG705_21,NA,,,CL206_21,E029_M,delicata,C_23,0,DEAD,2021/22,31/12/2021,21/12/1931,,,0.12,7.74,5.68,NA,NA,egg died 31/1/22
EG706_21,NA,,,CL206_21,E029_M,delicata,CORT_23_10pg,0,DEAD,2021/22,31/12/2021,21/12/1931,,,0.128,7.43,5.91,NA,NA,egg died 5/1/22
EG707_21,NA,,,CL206_21,E029_M,delicata,CORT_23_5pg,0,DEAD,2021/22,31/12/2021,21/12/1931,,,0.115,7.59,5.48,NA,NA,egg died 12/1/2022
EG708_21,NA,,,CL206_21,E029_M,delicata,CORT_28_5pg,0,DEAD,2021/22,31/12/2021,21/12/1931,,,0.118,7.25,5.69,NA,NA,egg died 12/1/2022
EG709_21,NA,,,CL206_21,E029_M,delicata,CORT_28_10pg,0,DEAD,2021/22,31/12/2021,21/12/1931,,,0.122,7.76,5.94,NA,NA,egg died 5/1/22
EG710_21,LD710_21,,,CL207_21,E014_F120,delicata,CORT_28_10pg,0,DEAD,2021/22,31/12/2021,21/12/1931,22/1/1931,,0.145,8.62,5.8,16,20,died 22/2/1 day after hatching
EG711_21,LD711_21,,,CL207_21,E014_F120,delicata,C_23,1,ALIVE,2021/22,31/12/2021,21/12/1931,22/2/2020,,0.133,7.96,5.57,17,22,
EG712_21,NA,,,CL207_21,E014_F120,delicata,CORT_23_5pg,0,DEAD,2021/22,31/12/2021,21/12/1931,,,0.135,8.59,5.47,NA,NA,egg died 12/1/2022
EG713_21,NA,,,CL207_21,E014_F120,delicata,CORT_23_10pg,0,DEAD,2021/22,31/12/2021,21/12/1931,,,0.123,7.85,5.63,NA,NA,egg died 31/1/22
EG714_21,NA,,,CL207_21,E014_F120,delicata,CORT_28_5pg,0,DEAD,2021/22,31/12/2021,21/12/1931,,,0.131,8.25,5.58,NA,NA,egg died 5/1/22
EG715_21,LD715_21,,,CL207_21,E014_F120,delicata,C_28,1,ALIVE,2021/22,31/12/2021,21/12/1931,22/1/1931,,0.128,8.3,5.5,18,25,
EG716_21,LD716_21,,,CL208_21,E016_M,delicata,CORT_23_10pg,0,DEAD,2021/22,31/12/2021,21/12/1931,22/2/2017,,0.164,8.41,6.05,17,19,Hatchling died 21/2/22
EG717_21,LD717_21,,,CL208_21,E016_M,delicata,CORT_28_5pg,1,ALIVE,2021/22,31/12/2021,21/12/1931,22/1/1931,,0.176,8.65,6.35,18,24,
EG718_21,LD718_21,,,CL208_21,E016_M,delicata,CORT_28_10pg,1,ALIVE,2021/22,31/12/2021,21/12/1931,22/1/1931,,0.173,8.59,6.26,17,24,
EG719_21,LD719_21,,,CL208_21,E016_M,delicata,C_28,1,ALIVE,2021/22,31/12/2021,21/12/1931,22/1/1931,,0.159,8.22,6.13,18,24,
EG720_21,LD720_21,,,CL208_21,E016_M,delicata,C_23,1,ALIVE,2021/22,31/12/2021,21/12/1931,22/2/2017,,0.171,8.52,6.25,16,22,
EG721_21,LD721_21,,,CL209_21,E004_F120,delicata,C_23_Topical,1,ALIVE,2021/22,1/1/2022,22/1/2001,22/2/2021,,0.102,9.08,4.67,18,25,egg dehydrated quite bad
EG722_21,LD722_21,,,CL209_21,E004_F120,delicata,CORT_23_10pg_Topical,1,ALIVE,2021/22,1/1/2022,22/1/2001,,,0.108,8.36,5.11,16,21,"egg litle dehydrated, but fine"
EG723_21,LD723_21,,,CL209_21,E004_F120,delicata,CORT_23_5pg_Topical,1,ALIVE,2021/22,1/1/2022,22/1/2001,22/2/2021,,0.118,8.47,5.46,19,25,"egg litle dehydrated, but fine"
EG725_21,NA,,,CL210_21,E001_F120,delicata,CORT_28_10pg_Topical,0,DEAD,2021/22,1/1/2022,22/1/2001,,,0.135,7.88,6.2,NA,NA,egg died 15/02/22
EG726_21,LD726_21,,,CL210_21,E001_F120,delicata,C_28_Topical,0,DEAD,2021/22,1/1/2022,22/1/2001,22/2/2003,,0.125,7.8,5.56,17,22,died after hatching; 3/2/22
EG727_21,LD727_21,,,CL210_21,E001_F120,delicata,C_23_Topical,1,ALIVE,2021/22,1/1/2022,22/1/2001,22/2/2027,,0.126,8.05,5.84,18,24,"** Note that this ID was unclear. Could be labelled 772, but more likely 727. 772 is already hatched. Defnietly from 23C treatment"
EG728_21,LD728_21,,,CL210_21,E001_F120,delicata,CORT_28_5pg_Topical,1,ALIVE,2021/22,1/1/2022,22/1/2001,22/2/2003,,0.131,8.46,5.67,17,23,
EG729_21,LD729_21,,,CL210_21,E001_F120,delicata,CORT_23_5pg_Topical,1,ALIVE,2021/22,1/1/2022,22/1/2001,22/2/2024,,0.126,7.98,5.42,18,24,
EG730_21,LD730_21,,,CL211_21,E018_M,delicata,CORT_23_10pg_Topical,1,ALIVE,2021/22,1/1/2022,22/1/2001,22/2/2021,,0.162,8.29,6.38,17,25,
EG731_21,LD731_21,,,CL211_21,E018_M,delicata,CORT_23_5pg_Topical,0,MISSING,2021/22,1/1/2022,22/1/2001,22/2/2021,,0.155,8.43,6.17,18,26,Lizard missing 23 Mar 22
EG732_21,LD732_21,,,CL211_21,E018_M,delicata,C_23_Topical,1,ALIVE,2021/22,1/1/2022,22/1/2001,22/2/2020,,0.151,8.27,6.03,17,24,
EG733_21,LD733_21,,,CL211_21,E018_M,delicata,CORT_28_10pg_Topical,1,ALIVE,2021/22,1/1/2022,22/1/2001,22/2/2002,,0.156,8.66,6.21,18,25,
EG734_21,LD734_21,,,CL211_21,E018_M,delicata,C_28_Topical,1,ALIVE,2021/22,1/1/2022,22/1/2001,22/1/1931,,0.147,8.54,5.94,18,22,
EG735_21,LD735_21,,,CL212_21,E025_M,delicata,C_28_Topical,1,ALIVE,2021/22,1/1/2022,22/1/2001,22/2/2002,,0.177,8.42,6.61,19,25,
EG736_21,LD736_21,,,CL212_21,E025_M,delicata,CORT_28_5pg_Topical,1,ALIVE,2021/22,1/1/2022,22/1/2001,22/2/2001,,0.164,7.61,6.67,19,26,
EG737_21,LD737_21,,,CL212_21,E025_M,delicata,C_23_Topical,1,ALIVE,2021/22,1/1/2022,22/1/2001,22/2/2021,,0.162,7.84,6.64,19,26,
EG738_21,LD738_21,,,CL212_21,E025_M,delicata,CORT_23_5pg_Topical,1,ALIVE,2021/22,1/1/2022,22/1/2001,22/2/2021,,0.165,8.48,6.56,18,27,
EG739_21,LD739_21,,,CL212_21,E025_M,delicata,CORT_23_10pg_Topical,1,ALIVE,2021/22,1/1/2022,22/1/2001,22/2/2018,,0.175,8.28,6.42,16,24,
EG740_21,LD740_21,,,CL213_21,E026_M,delicata,C_28_Topical,1,ALIVE,2021/22,1/1/2022,22/1/2001,,,0.18,8.3,6.6,18,27,
EG741_21,NA,,,CL213_21,E026_M,delicata,CORT_28_10pg_Topical,0,DEAD,2021/22,1/1/2022,22/1/2001,,,0.191,8.96,6.65,NA,NA,egg died 31/1/22; but dried out
EG742_21,LD742_21,,,CL213_21,E026_M,delicata,CORT_28_5pg_Topical,1,ALIVE,2021/22,1/1/2022,22/1/2001,22/2/2003,,0.184,8.6,6.57,17,28,
EG743_21,LD743_21,,,CL213_21,E026_M,delicata,C_23_Topical,1,ALIVE,2021/22,1/1/2022,22/1/2001,,,0.187,8.35,6.8,19,27,
EG744_21,LD744_21,,,CL214_21,E007_F120,delicata,C_28_Topical,1,ALIVE,2021/22,1/1/2022,22/1/2001,22/2/2006,,0.119,9.16,5.48,19,27,
EG745_21,?,,,CL214_21,E007_F120,delicata,CORT_28_10pg_Topical,1,ALIVE,2021/22,1/1/2022,22/1/2001,,,0.124,8.78,5.61,NA,NA,
EG746_21,LD746_21,,,CL214_21,E007_F120,delicata,C_23_Topical,1,ALIVE,2021/22,1/1/2022,22/1/2001,22/2/2023,,0.119,8.68,5.49,17,25,
EG747_21,LD747_21,,,CL214_21,E007_F120,delicata,CORT_23_5pg_Topical,1,ALIVE,2021/22,1/1/2022,22/1/2001,22/2/2024,,0.115,8.83,5.21,17,23,
EG748_21,LD748_21,,,CL215_21,E017_M,delicata,CORT_23_10pg_Topical,1,ALIVE,2021/22,1/1/2022,22/1/2001,22/2/2023,,0.157,8,6.37,19,24,
EG749_21,LD749_21,,,CL215_21,E017_M,delicata,CORT_28_10pg_Topical,1,ALIVE,2021/22,1/1/2022,22/1/2001,22/2/2004,,0.152,8.46,6.22,18,24,
EG750_21,LD750_21,,,CL215_21,E017_M,delicata,C_23_Topical,1,ALIVE,2021/22,1/1/2022,22/1/2001,22/2/2022,,0.151,8.64,5.99,18,26,
EG751_21,LD751_21,,,CL215_21,E017_M,delicata,C_28_Topical,1,ALIVE,2021/22,1/1/2022,22/1/2001,22/2/2002,,0.154,8.4,6.44,19,25,
EG752_21,NA,,,CL216_21,E014_M,delicata,CORT_23_10pg_Topical,0,DEAD,2021/22,1/1/2022,22/1/2001,,,0.162,9.12,6.38,NA,NA,egg died 31/1/22
EG753_21,LD753_21,,,CL216_21,E014_M,delicata,CORT_23_5pg_Topical,1,ALIVE,2021/22,1/1/2022,22/1/2001,22/2/2020,,0.165,9.29,6.18,18,28,
EG754_21,LD754_21,,,CL216_21,E014_M,delicata,C_23_Topical,1,ALIVE,2021/22,1/1/2022,22/1/2001,22/2/2020,,0.161,8.61,6.49,19,26,
EG755_21,LD755_21,,,CL216_21,E014_M,delicata,CORT_28_5pg_Topical,1,ALIVE,2021/22,1/1/2022,22/1/2001,22/2/2002,,0.171,9.07,6.25,19,21,
EG756_21,LD756_21,,,CL216_21,E014_M,delicata,C_28_Topical,1,ALIVE,2021/22,1/1/2022,22/1/2001,22/2/2004,,0.18,9.3,6.5,16,26,
EG757_21,LD757_21,,,CL217_21,E014_M,delicata,CORT_28_10pg_Topical,0,DEAD,2021/22,1/1/2022,22/1/2001,22/2/2003,,0.105,8.48,5.05,16,24,died after hatching; 3/2/22
EG758_21,LD758_21,,,CL217_21,E014_M,delicata,CORT_28_5pg_Topical,1,ALIVE,2021/22,1/1/2022,22/1/2001,22/2/2004,,0.11,7.78,5.23,17,24,
EG759_21,LD759_21,,,CL217_21,E014_M,delicata,C_28_Topical,1,ALIVE,2021/22,1/1/2022,22/1/2001,22/2/2003,,0.113,7.7,5.34,17,26,
EG760_21,LD760_21,,,CL217_21,E014_M,delicata,C_23_Topical,1,ALIVE,2021/22,1/1/2022,22/1/2001,22/2/2022,,0.114,8.09,5.35,18,24,
EG761_21,NA,,,CL217_21,E014_M,delicata,CORT_23_5pg_Topical,0,DEAD,2021/22,1/1/2022,22/1/2001,,,0.112,8.77,5.1,NA,NA,egg died 31/1/22
EG762_21,LD762_21,,,CL218_21,E025_M,delicata,CORT_28_5pg_Topical,0,DEAD,2021/22,5/1/2022,22/1/2005,22/2/2003,,0.156,8.92,5.78,18,24,died after hatching; 4/2/22
EG763_21,LD763_21,,,CL218_21,E025_M,delicata,CORT_28_10pg_Topical,1,ALIVE,2021/22,5/1/2022,22/1/2005,22/2/2004,,0.151,8.91,5.83,16,27,
EG764_21,LD764_21,,,CL218_21,E025_M,delicata,C_23_Topical,1,ALIVE,2021/22,5/1/2022,22/1/2005,22/2/2024,,0.139,8.08,5.94,18,27,
EG765_21,LD765_21,,,CL218_21,E025_M,delicata,CORT_23_5pg_Topical,1,ALIVE,2021/22,5/1/2022,22/1/2005,22/2/2024,,0.156,8.63,5.63,18,27,
EG766_21,NA,,,CL218_21,E025_M,delicata,CORT_23_10pg_Topical,0,DEAD,2021/22,5/1/2022,22/1/2005,,,0.139,8,5.94,NA,NA,egg died 31/1/22
EG767_21,LD767_21,,,CL219_21,E004_F120,delicata,CORT_23_10pg_Topical,1,ALIVE,2021/22,5/1/2022,22/1/2005,22/2/2024,,0.177,9.16,6.25,16,25,
EG768_21,LD768_21,,,CL219_21,E004_F120,delicata,CORT_23_5pg_Topical,1,ALIVE,2021/22,5/1/2022,22/1/2005,22/2/2021,,0.182,9.24,6,18,23,
EG769_21,LD769_21,,,CL219_21,E004_F120,delicata,C_23_Topical,1,ALIVE,2021/22,5/1/2022,22/1/2005,22/2/2021,,0.19,9.9,6.16,18,27,
EG770_21,LD770_21,,,CL219_21,E004_F120,delicata,C_28_Topical,1,ALIVE,2021/22,5/1/2022,22/1/2005,22/2/2003,,0.152,8.15,6.04,18,27,
EG771_21,LD771_21,,,CL219_21,E004_F120,delicata,CORT_28_10pg_Topical,1,ALIVE,2021/22,5/1/2022,22/1/2005,22/2/2003,,0.19,8.45,6.67,18,26,
EG772_21,LD772_21,,,CL219_21,E004_F120,delicata,CORT_28_5pg_Topical,1,ALIVE,2021/22,5/1/2022,22/1/2005,22/2/2004,,0.174,8.85,6.07,19,24,
EG773_21,LD773_21,,,CL220_21,E019_M,delicata,CORT_23_5pg_Topical,1,ALIVE,2021/22,5/1/2022,22/1/2005,22/2/2002,,0.154,7.77,6.28,16,23,** Note seems to be mixed with 776
EG774_21,LD774_21,,,CL220_21,E019_M,delicata,CORT_28_10pg_Topical,1,ALIVE,2021/22,5/1/2022,22/1/2005,22/2/2003,,0.158,8.27,6.17,17,22,
EG775_21,LD775_21,,,CL220_21,E019_M,delicata,C_23_Topical,1,ALIVE,2021/22,5/1/2022,22/1/2005,22/2/2020,,0.165,8.11,6.32,16,23,
EG776_21,LD776_21,,,CL220_21,E019_M,delicata,CORT_23_10pg_Topical,1,ALIVE,2021/22,5/1/2022,22/1/2005,22/2/2021,,0.156,7.31,6.35,17,22,"Note that this egg was thought to be mixed up with 773, but this is also a egg box labelled 776 quite clearly. I've added the 776 lizard data at the end of the sheet NA on egg and data "
EG777_21,NA,,,CL220_21,E019_M,delicata,CORT_28_5pg_Topical,0,DEAD,2021/22,5/1/2022,22/1/2005,,,0.159,7.71,6.18,NA,NA,egg died 31/1/22
EG778_21,?,,,CL220_21,E019_M,delicata,C_28_Topical,1,ALIVE,2021/22,5/1/2022,22/1/2005,,,0.151,7.73,6.17,NA,NA,
EG779_21,LD779_21,,,CL221_21,E018_M,delicata,CORT_23_5pg_Topical,1,ALIVE,2021/22,7/1/2022,22/1/2007,22/2/2027,,0.145,7.83,5.92,18,27,
EG780_21,LD780_21,,,CL221_21,E018_M,delicata,CORT_28_10pg_Topical,1,ALIVE,2021/22,7/1/2022,22/1/2007,22/2/2006,,0.131,8.12,5.5,18,26,
EG781_21,LD781_21,,,CL221_21,E018_M,delicata,C_23_Topical,1,ALIVE,2021/22,7/1/2022,22/1/2007,22/2/2027,,0.126,8.09,5.55,19,26,
EG782_21,NA,,,CL221_21,E018_M,delicata,CORT_23_10pg_Topical,0,DEAD,2021/22,7/1/2022,22/1/2007,NA,,0.132,8.14,5.54,NA,NA,egg died 31/1/22
EG783_21,LD783_21,,,CL221_21,E018_M,delicata,CORT_28_5pg_Topical,0,DEAD,2021/22,7/1/2022,22/1/2007,22/2/2006,,0.129,7.52,5.53,17,23,died after hatching; 6/2/22
EG784_21,LD784_21,,,CL221_21,E018_M,delicata,C_28_Topical,1,ALIVE,2021/22,7/1/2022,22/1/2007,22/2/2006,,0.134,7.99,5.62,18,27,
EG785_21,LD785_21,,,CL222_21,E031_M,delicata,C_28_Topical,1,ALIVE,2021/22,7/1/2022,22/1/2007,22/2/2007,,0.166,8.57,6.04,18,27,
EG786_21,LD786_21,,,CL222_21,E031_M,delicata,CORT_28_10pg_Topical,1,ALIVE,2021/22,7/1/2022,22/1/2007,22/2/2024,,0.172,9.18,6.07,18,27,
EG787_21,LD787_21,,,CL222_21,E031_M,delicata,CORT_28_5pg_Topical,1,ALIVE,2021/22,7/1/2022,22/1/2007,22/2/2007,,0.18,9.37,6.22,18,28,
EG788_21,LD788_21,,,CL223_21,E022_F120,delicata,C_23_Topical,1,ALIVE,2021/22,7/1/2022,22/1/2007,22/2/2027,,0.153,8.49,6.01,18,26,
EG789_21,NA,,,CL223_21,E022_F120,delicata,CORT_23_10pg_Topical,0,DEAD,2021/22,7/1/2022,22/1/2007,NA,,0.147,8.92,5.6,NA,NA,"egg died 6/2/22, fungus"
EG790_21,LD790_21,,,CL223_21,E022_F120,delicata,CORT_23_5pg_Topical,1,ALIVE,2021/22,7/1/2022,22/1/2007,22/2/2027,,0.138,8.02,5.54,18,25,
EG791_21,LD791_21,,,CL224_21,E019_F120,delicata,CORT_23_10pg_Topical,1,ALIVE,2021/22,7/1/2022,22/1/2007,22/2/2023,,0.143,8.5,5.79,17,23,
EG792_21,LD792_21,,,CL224_21,E019_F120,delicata,CORT_28_10pg_Topical,1,ALIVE,2021/22,7/1/2022,22/1/2007,22/2/2006,,0.126,8.3,5.58,17,24,
EG793_21,LD793_21,,,CL224_21,E019_F120,delicata,CORT_23_5pg_Topical,1,ALIVE,2021/22,7/1/2022,22/1/2007,22/2/2024,,0.129,8.32,5.47,17,24,
EG794_21,LD794_21,,,CL225_21,E030_M,delicata,CORT_23_10pg_Topical,1,ALIVE,2021/22,7/1/2022,22/1/2007,22/2/2027,,0.163,7.92,6.27,17,23,
EG795_21,LD795_21,,,CL225_21,E030_M,delicata,CORT_23_5pg_Topical,1,ALIVE,2021/22,7/1/2022,22/1/2007,22/2/2025,,0.158,7.32,6.39,16,24,
EG796_21,LD796_21,,,CL226_21,E030_M,delicata,CORT_23_10pg_Topical,1,ALIVE,2021/22,7/1/2022,22/1/2007,22/2/2027,,0.137,7.42,6.04,18,23,
EG797_21,LD797_21,,,CL226_21,E030_M,delicata,CORT_23_5pg_Topical,1,ALIVE,2021/22,7/1/2022,22/1/2007,22/2/2023,,0.145,7.54,6.18,18,23,
EG798_21,LD798_21,,,CL226_21,E030_M,delicata,CORT_28_10pg_Topical,1,ALIVE,2021/22,7/1/2022,22/1/2007,22/2/2006,,0.14,7.03,5.92,18,23,
EG799_21,LD799_21,,,CL226_21,E030_M,delicata,CORT_28_5pg_Topical,0,DEAD,2021/22,7/1/2022,22/1/2007,22/2/2004,,0.137,6.99,6.04,16,21,died after hatching; 4/2/22
EG800_21,LD800_21,,,CL227_21,E009_M,delicata,C_28_Topical,1,ALIVE,2021/22,7/1/2022,22/1/2007,22/2/2006,,0.157,8.32,5.98,18,25,
EG801_21,LD801_21,,,CL227_21,E009_M,delicata,CORT_28_10pg_Topical,1,ALIVE,2021/22,7/1/2022,22/1/2007,22/2/2004,,0.16,8.27,6.34,16,24,
EG802_21,LD802_21,,,CL227_21,E009_M,delicata,CORT_28_5pg_Topical,0,DEAD,2021/22,7/1/2022,22/1/2007,22/2/2004,,0.16,7.63,6.25,17,21,died after hatching; 4/2/22
EG803_21,LD803_21,,,CL228_21,E029_F120,delicata,C_28_Topical,1,ALIVE,2021/22,10/1/2022,22/1/2010,22/2/2007,,0.149,7.82,6.15,17,21,
EG804_21,NA,,,CL228_21,E029_F120,delicata,CORT_28_10pg_Topical,0,DEAD,2021/22,10/1/2022,22/1/2010,NA,,0.157,8.17,6.17,NA,NA,Egg died 15/02/22
EG805_21,NA,,,CL229_21,E020_F120,delicata,C_23_Topical,0,DEAD,2021/22,10/1/2022,22/1/2010,NA,,0.113,7.12,5.62,NA,NA,Egg died 13/03/2022; embryo fully formed but did not hatch
EG806_21,NA,,,CL229_21,E020_F120,delicata,CORT_28_10pg_Topical,0,DEAD,2021/22,10/1/2022,22/1/2010,,,0.105,7.26,5.4,NA,NA,Note that egg when seperated punctured; egg died 31/1/22
EG807_21,LD807_21,,,CL229_21,E020_F120,delicata,CORT_23_10pg_Topical,1,ALIVE,2021/22,10/1/2022,22/1/2010,22/3/2001,1/3/2022,0.102,7.48,5.12,15,18,
EG808_21,LD808_21,,,CL229_21,E020_F120,delicata,C_28_Topical,1,ALIVE,2021/22,10/1/2022,22/1/2010,22/2/2011,,0.117,7.87,5.44,16,14,
EG809_21,LD809_21,,,CL229_21,E020_F120,delicata,CORT_23_5pg_Topical,1,ALIVE,2021/22,10/1/2022,22/1/2010,,4/3/2022,0.105,6.86,5.31,17,22,
EG810_21,NA,,,CL229_21,E020_F120,delicata,CORT_28_5pg_Topical,0,DEAD,2021/22,10/1/2022,22/1/2010,,,0.117,7.65,5.55,NA,NA,egg died 31/1/22
EG811_21,LD811_21,,,CL230_21,E019_F120,delicata,CORT_28_10pg_Topical,1,ALIVE,2021/22,10/1/2022,22/1/2010,22/2/2006,,0.163,7.8,6.18,17,22,
EG812_21,LD812_21,,,CL230_21,E019_F120,delicata,CORT_28_5pg_Topical,1,ALIVE,2021/22,10/1/2022,22/1/2010,,,0.16,7.84,6.6,18,22,
EG813_21,NA,,,CL230_21,E019_F120,delicata,C_28_Topical,0,DEAD,2021/22,10/1/2022,22/1/2010,,,0.163,8.73,5.98,NA,NA,egg died 31/1/22; but dried out
EG814_21,NA,,,CL230_21,E019_F120,delicata,CORT_23_10pg_Topical,0,DEAD,2021/22,10/1/2022,22/1/2010,,,0.165,7.65,6.53,NA,NA,"egg died 6/2/22, dried out"
EG815_21,LD815_21,,,CL231_21,E010_M,delicata,C_23_Topical,1,ALIVE,2021/22,10/1/2022,22/1/2010,22/3/2001,1/3/2022,0.182,9.12,6.37,20,25,
EG816_21,LD816_21,,,CL231_21,E010_M,delicata,CORT_23_10pg_Topical,1,ALIVE,2021/22,10/1/2022,22/1/2010,22/3/2001,1/3/2022,0.176,8.62,6.11,18,26,
EG817_21,LD817_21,,,CL231_21,E010_M,delicata,CORT_23_5pg_Topical,1,ALIVE,2021/22,10/1/2022,22/1/2010,22/3/2001,1/3/2022,0.189,8.73,6.46,19,26,
EG818_21,LD818_21,,,CL232_21,E021_M,delicata,CORT_23_10pg_Topical,1,ALIVE,2021/22,10/1/2022,22/1/2010,,4/3/2022,0.145,8.45,5.58,18,24,
EG819_21,LD819_21,,,CL232_21,E021_M,delicata,CORT_28_10pg_Topical,1,ALIVE,2021/22,10/1/2022,22/1/2010,22/2/2009,,0.153,8.69,5.66,18,25,
EG820_21,LD820_21,,,CL232_21,E021_M,delicata,CORT_28_5pg_Topical,1,ALIVE,2021/22,10/1/2022,22/1/2010,22/2/2009,,0.143,8.44,5.79,17,24,
EG821_21,LD821_21,,,CL232_21,E021_M,delicata,CORT_23_5pg_Topical,1,ALIVE,2021/22,10/1/2022,22/1/2010,,5/3/2022,0.126,7.82,5.59,17,23,
EG822_21,LD822_21,,,CL232_21,E021_M,delicata,C_23_Topical,1,ALIVE,2021/22,10/1/2022,22/1/2010,,4/3/2022,0.142,8.38,5.8,17,24,
EG823_21,LD823_21,,,CL232_21,E021_M,delicata,C_28_Topical,1,ALIVE,2021/22,10/1/2022,22/1/2010,22/2/2010,,0.148,8.28,5.8,18,22,
EG824_21,LD824_21,,,CL233_21,E016_M,delicata,CORT_23_10pg_Topical,1,ALIVE,2021/22,10/1/2022,22/1/2010,22/2/2027,,0.157,8.04,6.34,16,23,
EG825_21,LD825_21,,,CL233_21,E016_M,delicata,C_28_Topical,1,ALIVE,2021/22,10/1/2022,22/1/2010,22/2/2007,,0.148,7.6,6.3,16,23,
EG826_21,NA,,,CL233_21,E016_M,delicata,CORT_23_5pg_Topical,0,DEAD,2021/22,10/1/2022,22/1/2010,,,0.147,7.77,5.91,NA,NA,egg died 21/2/22
EG827_21,LD827_21,,,CL233_21,E016_M,delicata,CORT_28_5pg_Topical,1,ALIVE,2021/22,10/1/2022,22/1/2010,22/2/2008,,0.155,7.37,6.2,17,22,
EG828_21,LD828_21,,,CL233_21,E016_M,delicata,C_23_Topical,1,ALIVE,2021/22,10/1/2022,22/1/2010,22/2/2024,,0.137,7.24,6.02,15,19,
EG829_21,LD829_21,,,CL233_21,E016_M,delicata,CORT_28_10pg_Topical,1,ALIVE,2021/22,10/1/2022,22/1/2010,22/2/2007,,0.15,7.54,6.09,17,21,
EG830_21,NA,,,CL234_21,E002_F120,delicata,CORT_28_10pg_Topical,0,DEAD,2021/22,10/1/2022,22/1/2010,,,0.167,8.5,6.33,NA,NA,egg died 21/2/22
EG831_21,LD831_21,,,CL234_21,E002_F120,delicata,CORT_28_5pg_Topical,0,DEAD,2021/22,10/1/2022,22/1/2010,,,0.152,7.97,6.44,NA,NA,note looks infertile; dried out. Egg died 22/1/31
EG832_21,LD832_21,,,CL234_21,E002_F120,delicata,C_28_Topical,1,ALIVE,2021/22,10/1/2022,22/1/2010,22/2/2013,,0.179,8.96,6.24,18,27,
EG833_21,LD833_21,,,CL235_21,E011_M,delicata,CORT_23_10pg_Topical,1,ALIVE,2021/22,10/1/2022,22/1/2010,22/3/2002,2/3/2022,0.149,8.78,5.94,18,27,
EG834_21,LD834_21,,,CL235_21,E011_M,delicata,CORT_28_5pg_Topical,1,ALIVE,2021/22,10/1/2022,22/1/2010,22/2/2011,,0.136,8.57,5.54,18,23,
EG835_21,LD835_21,,,CL235_21,E011_M,delicata,CORT_28_10pg_Topical,1,ALIVE,2021/22,10/1/2022,22/1/2010,22/2/2010,,0.14,8.38,5.64,17,26,
EG836_21,LD836_21,,,CL235_21,E011_M,delicata,CORT_23_5pg_Topical,1,ALIVE,2021/22,10/1/2022,22/1/2010,22/3/2001,1/3/2022,0.141,8.12,5.94,19,25,
EG837_21,LD837_21,,,CL236_21,E007_F120,delicata,CORT_28_10pg_Topical,1,ALIVE,2021/22,10/1/2022,22/1/2010,22/2/2009,,0.176,9.35,6.02,17.5,25,
EG838_21,LD838_21,,,CL236_21,E007_F120,delicata,CORT_23_10pg_Topical,1,ALIVE,2021/22,10/1/2022,22/1/2010,,3/3/2022,0.161,8.7,5.99,16,24,
EG839_21,LD839_21,,,CL236_21,E007_F120,delicata,CORT_28_5pg_Topical,1,ALIVE,2021/22,10/1/2022,22/1/2010,22/3/2001,1/3/2022,0.153,8.38,5.88,18,23,
EG840_21,LD840_21,,,CL236_21,E007_F120,delicata,CORT_23_5pg_Topical,1,ALIVE,2021/22,10/1/2022,22/1/2010,22/3/2001,1/3/2022,0.168,8.34,6.15,18,24,
EG841_21,LD841_21,,,CL237_21,E027_21,delicata,CORT_28_5pg_Topical,1,ALIVE,2021/22,12/2/2022,22/1/2012,22/2/2011,,0.142,8.43,5.67,18,22,
EG842_21,LD842_21,,,CL237_21,E027_21,delicata,CORT_28_10pg_Topical,1,ALIVE,2021/22,12/2/2022,22/1/2012,22/2/2011,,0.148,8.45,5.75,16,21,
EG843_21,LD843_21,,,CL237_21,E027_21,delicata,CORT_28_5pg_Topical,1,ALIVE,2021/22,12/2/2022,22/1/2012,22/2/2010,,0.149,8.67,5.87,17,23,
EG844_21,LD844_21,,,CL237_21,E027_21,delicata,C_23_Topical,1,ALIVE,2021/22,12/2/2022,22/1/2012,22/3/2001,1/3/2022,0.145,8.41,6.02,18,23,
EG845_21,LD845_21,,,CL238_21,E031_M,delicata,C_23_Topical,1,ALIVE,2021/22,12/2/2022,22/1/2012,22/3/2001,1/3/2022,0.201,8.68,6.67,18,25,
EG846_21,LD846_21,,,CL238_21,E031_M,delicata,CORT_23_10pg_Topical,1,ALIVE,2021/22,12/2/2022,22/1/2012,22/3/2001,1/3/2022,0.179,8.68,6.37,18,24,
EG847_21,LD847_21,,,CL238_21,E031_M,delicata,CORT_23_5pg_Topical,1,ALIVE,2021/22,12/2/2022,22/1/2012,,4/3/2022,0.177,8.7,6.08,18,26,
EG848_21,LD848_21,,,CL238_21,E031_M,delicata,C_28_Topical,1,ALIVE,2021/22,12/2/2022,22/1/2012,22/2/2011,,0.18,8.67,6.41,18,27,
EG849_21,LD849_21,,,CL239_21,E011_M,delicata,CORT_28_5pg_Topical,1,ALIVE,2021/22,12/2/2022,22/1/2012,22/2/2011,,0.184,8.91,6.32,18,25,
EG850_21,LD850_21,,,CL240_21,E029_F120,delicata,CORT_28_10pg_Topical,1,ALIVE,2021/22,14/1/2022,22/1/2014,22/2/2010,,0.141,7.68,5.86,14,19,
EG851_21,LD851_21,,,CL241_21,E018_F120,delicata,CORT_23_10pg_Topical,1,ALIVE,2021/22,14/1/2022,22/1/2014,,10/3/2022,0.112,8.23,5.33,16,25,
EG852_21,LD852_21,,,CL241_21,E018_F120,delicata,CORT_28_5pg_Topical,1,ALIVE,2021/22,14/1/2022,22/1/2014,22/2/2015,,0.109,8.26,5.09,17,24,
EG853_21,LD853_21,,,CL241_21,E018_F120,delicata,CORT_23_5pg_Topical,1,ALIVE,2021/22,14/1/2022,22/1/2014,,6/3/2022,0.107,7.7,5.11,15,24,
EG854_21,LD854_21,,,CL242_21,E015_M,delicata,CORT_28_10pg_Topical,0,DEAD,2021/22,14/1/2022,22/1/2014,22/2/2013,,0.136,8.45,5.57,17,25,Died after hatchling; 14/02/22
EG855_21,LD855_21,,,CL242_21,E015_M,delicata,CORT_23_10pg_Topical,1,ALIVE,2021/22,14/1/2022,22/1/2014,22/3/2002,2/3/2022,0.14,8.47,5.55,17,23,
EG856_21,LD856_21,,,CL242_21,E015_M,delicata,CORT_28_5pg_Topical,1,ALIVE,2021/22,14/1/2022,22/1/2014,22/2/2013,,0.137,8.54,5.55,17,26,
EG857_21,LD857_21,,,CL242_21,E015_M,delicata,C_23_Topical,1,ALIVE,2021/22,14/1/2022,22/1/2014,,3/3/2022,0.134,8.85,5.31,15,26,
EG858_21,LD858_21,,,CL242_21,E015_M,delicata,C_28_Topical,1,ALIVE,2021/22,14/1/2022,22/1/2014,22/2/2013,,0.133,8.73,5.34,17,24,
EG859_21,LD859_21,,,CL243_21,E027_M,delicata,CORT_28_10pg_Topical,1,ALIVE,2021/22,14/1/2022,22/1/2014,22/2/2014,,0.11,7.65,5.17,15,23,
EG860_21,LD860_21,,,CL243_21,E027_M,delicata,CORT_23_10pg_Topical,1,ALIVE,2021/22,14/1/2022,22/1/2014,,4/3/2022,0.115,7.66,5.39,15,22,
EG861_21,LD861_21,,,CL243_21,E027_M,delicata,C_23_Topical,1,ALIVE,2021/22,14/1/2022,22/1/2014,,4/3/2022,0.12,7.98,5.51,18,25,
EG862_21,LD862_21,,,CL243_21,E027_M,delicata,C_28_Topical,1,ALIVE,2021/22,14/1/2022,22/1/2014,22/2/2013,,0.112,8.14,5.29,16,23,
EG863_21,LD863_21,,,CL243_21,E027_M,delicata,CORT_23_5pg_Topical,1,ALIVE,2021/22,14/1/2022,22/1/2014,,5/3/2022,0.113,7.65,5.52,16,23,
EG864_21,LD864_21,,,CL243_21,E027_M,delicata,CORT_28_5pg_Topical,1,ALIVE,2021/22,14/1/2022,22/1/2014,22/2/2014,,0.112,8.04,5.31,16,25,
EG865_21,LD865_21,,,CL244_21,E025_M,delicata,C_23_Topical,1,ALIVE,2021/22,14/1/2022,22/1/2014,,5/3/2022,0.135,7.68,5.5,17,22,
EG866_21,LD866_21,,,CL244_21,E025_M,delicata,C_28_Topical,1,ALIVE,2021/22,14/1/2022,22/1/2014,22/2/2013,,0.141,8.44,5.58,17,26,
EG867_21,LD867_21,,,CL244_21,E025_M,delicata,CORT_23_10pg_Topical,0,MISSING,2021/22,14/1/2022,22/1/2014,,5/3/2022,0.135,8.05,5.55,17,25,lizard escaped
EG868_21,LD868_21,,,CL244_21,E025_M,delicata,CORT_23_5pg_Topical,1,ALIVE,2021/22,14/1/2022,22/1/2014,,5/3/2022,0.135,8.32,5.57,16,23,
EG869_21,,,,CL245_21,E026_M,delicata,C_Topical,1,ALIVE,2021/22,17/1/2022,22/1/2017,,,0.125,7.62,5.49,NA,NA,
EG870_21,,,,CL245_21,E026_M,delicata,CORT_10pg_Topical,1,ALIVE,2021/22,17/1/2022,22/1/2017,,,0.119,8.51,5.03,NA,NA,
EG871_21,,,,CL245_21,E026_M,delicata,CORT_5pg_Topical,1,ALIVE,2021/22,17/1/2022,22/1/2017,,,0.12,7.58,5.55,NA,NA,
EG872_21,,,,CL245_21,E026_M,delicata,CORT_10pg_Topical,1,ALIVE,2021/22,17/1/2022,22/1/2017,,,0.133,8.67,5.47,NA,NA,
EG873_21,,,,CL245_21,E026_M,delicata,CORT_5pg_Topical,1,ALIVE,2021/22,17/1/2022,22/1/2017,,,0.126,7.56,5.38,NA,NA,
EG874_21,,,,CL245_21,E026_M,delicata,C_Topical,1,ALIVE,2021/22,17/1/2022,22/1/2017,,,0.123,8.13,5.27,NA,NA,
EG875_21,,,,CL246_21,"E017_M, E007_M",delicata,C_Topical,1,ALIVE,2021/22,17/1/2022,22/1/2017,,,0.156,8.36,6.04,NA,NA,
EG876_21,,,,CL246_21,"E017_M, E007_M",delicata,CORT_5pg_Topical,1,ALIVE,2021/22,17/1/2022,22/1/2017,,,0.136,7.8,5.7,NA,NA,
EG877_21,,,,CL247_21,"E017_M, E007_M",delicata,CORT_10pg_Topical,1,ALIVE,2021/22,17/1/2022,22/1/2017,,,0.152,7.89,6.11,NA,NA,
EG878_21,,,,CL247_21,"E017_M, E007_M",delicata,C_Topical,1,ALIVE,2021/22,17/1/2022,22/1/2017,,,0.13,7.53,5.93,NA,NA,
EG879_21,,,,CL247_21,"E017_M, E007_M",delicata,CORT_5pg_Topical,1,ALIVE,2021/22,17/1/2022,22/1/2017,,,0.139,7.54,5.93,NA,NA,
EG880_21,,,,CL247_21,"E017_M, E007_M",delicata,CORT_10pg_Topical,1,ALIVE,2021/22,17/1/2022,22/1/2017,,,0.152,8.34,6.09,NA,NA,
EG881_21,,,,CL248_21,"E017_M, E007_M",delicata,C_Topical,1,ALIVE,2021/22,17/1/2022,22/1/2017,,,0.174,8.5,6.29,NA,NA,
EG882_21,,,,CL248_21,"E017_M, E007_M",delicata,CORT_10pg_Topical,1,ALIVE,2021/22,17/1/2022,22/1/2017,,,0.182,8.88,6.35,NA,NA,
EG883_21,,,,CL248_21,"E017_M, E007_M",delicata,CORT_5pg_Topical,1,ALIVE,2021/22,17/1/2022,22/1/2017,,,0.173,8.38,6.28,NA,NA,
EG884_21,,,,CL248_21,"E017_M, E007_M",delicata,C_Topical,1,ALIVE,2021/22,17/1/2022,22/1/2017,,,0.187,8.71,6.64,NA,NA,
EG885_21,,,,CL248_21,"E017_M, E007_M",delicata,CORT_5pg_Topical,1,ALIVE,2021/22,17/1/2022,22/1/2017,,,0.153,8.34,5.98,NA,NA,
EG886_21,,,,CL249_21,E012_M,delicata,C_Topical,1,ALIVE,2021/22,17/1/2022,22/1/2017,,,0.187,8.92,6.39,NA,NA,
EG887_21,,,,CL249_21,E012_M,delicata,CORT_10pg_Topical,1,ALIVE,2021/22,17/1/2022,22/1/2017,,,0.18,9.14,6.39,NA,NA,
EG888_21,,,,CL249_21,E012_M,delicata,CORT_5pg_Topical,1,ALIVE,2021/22,17/1/2022,22/1/2017,,,0.181,9.2,6.05,NA,NA,
EG889_21,,,,CL249_21,E012_M,delicata,C_Topical,1,ALIVE,2021/22,17/1/2022,22/1/2017,,,0.194,8.95,6.59,NA,NA,
EG890_21,,,,CL250_21,E018_M,delicata,C_Topical,1,ALIVE,2021/22,17/1/2022,22/1/2017,,,0.142,8.75,5.54,NA,NA,
EG891_21,,,,CL250_21,E018_M,delicata,CORT_10pg_Topical,1,ALIVE,2021/22,17/1/2022,22/1/2017,,,0.136,8.41,5.22,NA,NA,
EG892_21,,,,CL250_21,E018_M,delicata,CORT_5pg_Topical,1,ALIVE,2021/22,17/1/2022,22/1/2017,,,0.133,8.42,5.47,NA,NA,
EG893_21,,,,CL250_21,E018_M,delicata,C_Topical,1,ALIVE,2021/22,17/1/2022,22/1/2017,,,0.128,8.34,5.37,NA,NA,
EG894_21,,,,CL250_21,E018_M,delicata,CORT_10pg_Topical,1,ALIVE,2021/22,17/1/2022,22/1/2017,,,0.135,8.55,5.33,NA,NA,
EG895_21,,,,CL250_21,E018_M,delicata,CORT_5pg_Topical,1,ALIVE,2021/22,17/1/2022,22/1/2017,,,0.146,9.37,5.56,NA,NA,
EG896_21,,,,CL251_21,E013_F120,delicata,C_Topical,1,ALIVE,2021/22,17/1/2022,22/1/2017,,,0.142,7.82,6.01,NA,NA,
EG897_21,,,,CL251_21,E013_F120,delicata,CORT_10pg_Topical,1,ALIVE,2021/22,17/1/2022,22/1/2017,,,0.162,7.71,5.97,NA,NA,
EG898_21,,,,CL251_21,E013_F120,delicata,CORT_5pg_Topical,1,ALIVE,2021/22,17/1/2022,22/1/2017,,,0.156,7.68,6.32,NA,NA,
EG899_21,,,,CL252_21,E013_M,delicata,C_Topical,1,ALIVE,2021/22,17/1/2022,22/1/2017,,,0.117,7.25,5.67,NA,NA,
EG900_21,,,,CL252_21,E013_M,delicata,C_Topical,1,ALIVE,2021/22,17/1/2022,22/1/2017,,,0.127,6.94,5.84,NA,NA,
EG901_21,,,,CL252_21,E013_M,delicata,CORT_10pg_Topical,1,ALIVE,2021/22,17/1/2022,22/1/2017,,,0.126,8.04,5.61,NA,NA,
EG902_21,,,,CL252_21,E013_M,delicata,CORT_10pg_Topical,1,ALIVE,2021/22,17/1/2022,22/1/2017,,,0.122,7.11,5.38,NA,NA,
EG903_21,,,,CL252_21,E013_M,delicata,CORT_5pg_Topical,1,ALIVE,2021/22,17/1/2022,22/1/2017,,,0.147,8.14,5.84,NA,NA,
EG904_21,,,,CL252_21,E013_M,delicata,CORT_5pg_Topical,1,ALIVE,2021/22,17/1/2022,22/1/2017,,,0.122,7.61,5.56,NA,NA,
EG905_21,,,,CL253_21,E016_M,delicata,C_Topical,1,ALIVE,2021/22,17/1/2022,22/1/2017,,,0.113,8.34,4.54,NA,NA,
EG906_21,,,,CL253_21,E016_M,delicata,C_Topical,1,ALIVE,2021/22,17/1/2022,22/1/2017,,,0.108,8.56,5.11,NA,NA,
EG907_21,,,,CL253_21,E016_M,delicata,CORT_10pg_Topical,1,ALIVE,2021/22,17/1/2022,22/1/2017,,,0.109,7.62,4.97,NA,NA,
EG908_21,,,,CL253_21,E016_M,delicata,CORT_5pg_Topical,1,ALIVE,2021/22,17/1/2022,22/1/2017,,,0.121,8.32,4.95,NA,NA,
EG909_21,,,,CL253_21,E016_M,delicata,CORT_5pg_Topical,1,ALIVE,2021/22,17/1/2022,22/1/2017,,,0.112,8.28,4.73,NA,NA,
EG910_21,,,,CL254_21,E025_F120,delicata,C_Topical,1,ALIVE,2021/22,17/1/2022,22/1/2017,,,0.122,7.67,5.39,NA,NA,
EG911_21,,,,CL254_21,E025_F120,delicata,CORT_10pg_Topical,1,ALIVE,2021/22,17/1/2022,22/1/2017,,,0.127,7.93,5.58,NA,NA,
EG912_21,,,,CL254_21,E025_F120,delicata,CORT_5pg_Topical,1,ALIVE,2021/22,17/1/2022,22/1/2017,,,0.12,7.55,5.35,NA,NA,
EG913_21,,,,CL254_21,E025_F120,delicata,CORT_10pg_Topical,1,ALIVE,2021/22,17/1/2022,22/1/2017,,,0.128,7.68,5.9,NA,NA,
EG914_21,,,,CL255_21,E014_F120,delicata,C_Topical,1,ALIVE,2021/22,17/1/2022,22/1/2017,,,0.145,8.34,5.67,NA,NA,
EG915_21,,,,CL255_21,E014_F120,delicata,CORT_10pg_Topical,1,ALIVE,2021/22,17/1/2022,22/1/2017,,,0.144,8.48,5.72,NA,NA,
EG916_21,,,,CL255_21,E014_F120,delicata,CORT_5pg_Topical,1,ALIVE,2021/22,17/1/2022,22/1/2017,,,0.144,8.13,5.77,NA,NA,
EG917_21,,,,CL255_21,E014_F120,delicata,CORT_5pg_Topical,0,DEAD,2021/22,17/1/2022,22/1/2017,,,0.146,9.12,5.54,NA,NA,
EG918_21,,,,CL256_21,E027_21,delicata,C_Topical,1,ALIVE,2021/22,21/1/2022,22/1/2021,,,0.12,8.52,5.31,NA,NA,
EG919_21,,,,CL256_21,E027_21,delicata,CORT_10pg_Topical,1,ALIVE,2021/22,21/1/2022,22/1/2021,,,0.114,8.22,5.07,NA,NA,
EG920_21,,,,CL256_21,E027_21,delicata,CORT_5pg_Topical,1,ALIVE,2021/22,21/1/2022,22/1/2021,,,0.112,7.84,5.38,NA,NA,
EG921_21,,,,CL256_21,E027_21,delicata,CORT_5pg_Topical,1,ALIVE,2021/22,21/1/2022,22/1/2021,,,0.109,8.31,5.05,NA,NA,
EG922_21,,,,CL257_21,E028_M,delicata,CORT_5pg_Topical,1,ALIVE,2021/22,21/1/2022,22/1/2021,,,0.204,8.86,6.95,NA,NA,
EG923_21,,,,CL257_21,E028_M,delicata,C_Topical,1,ALIVE,2021/22,21/1/2022,22/1/2021,,,0.193,8.14,6.74,NA,NA,
EG924_21,,,,CL257_21,E028_M,delicata,CORT_10pg_Topical,1,ALIVE,2021/22,21/1/2022,22/1/2021,,,0.203,8.54,6.84,NA,NA,
EG925_21,,,,CL257_21,E028_M,delicata,CORT_10pg_Topical,1,ALIVE,2021/22,21/1/2022,22/1/2021,,,0.196,8.47,6.87,NA,NA,
EG926_21,,,,CL258_21,E030_M,delicata,CORT_10pg_Topical,1,ALIVE,2021/22,21/1/2022,22/1/2021,,,0.157,7.62,6.57,NA,NA,
EG927_21,,,,CL258_21,E030_M,delicata,C_Topical,1,ALIVE,2021/22,21/1/2022,22/1/2021,,,0.155,7.39,6.37,NA,NA,
EG928_21,,,,CL258_21,E030_M,delicata,C_Topical,1,ALIVE,2021/22,21/1/2022,22/1/2021,,,0.149,7.42,6.32,NA,NA,
EG929_21,,,,CL258_21,E030_M,delicata,CORT_5pg_Topical,1,ALIVE,2021/22,21/1/2022,22/1/2021,,,0.152,7.36,6.34,NA,NA,
EG930_21,,,,CL258_21,E030_M,delicata,CORT_10pg_Topical,1,ALIVE,2021/22,21/1/2022,22/1/2021,,,0.143,7.91,5.98,NA,NA,
EG931_21,,,,CL259_21,E007_F120,delicata,CORT_10pg_Topical,1,ALIVE,2021/22,21/1/2022,22/1/2021,,,0.189,8.28,6.65,NA,NA,
EG932_21,,,,CL259_21,E007_F120,delicata,C_Topical,1,ALIVE,2021/22,21/1/2022,22/1/2021,,,0.184,8.38,6.43,NA,NA,
EG933_21,,,,CL259_21,E007_F120,delicata,C_Topical,1,ALIVE,2021/22,21/1/2022,22/1/2021,,,0.18,7.97,6.5,NA,NA,
EG934_21,,,,CL259_21,E007_F120,delicata,C_Topical,1,ALIVE,2021/22,21/1/2022,22/1/2021,,,0.181,8.01,6.55,NA,NA,
EG935_21,,,,CL259_21,E007_F120,delicata,CORT_5pg_Topical,1,ALIVE,2021/22,21/1/2022,22/1/2021,,,0.175,7.89,6.6,NA,NA,
EG936_21,,,,CL260_21,E001_F120,delicata,C_Topical,1,ALIVE,2021/22,21/1/2022,22/1/2021,,,0.159,8.47,6.22,NA,NA,
EG937_21,,,,CL260_21,E001_F120,delicata,CORT_10pg_Topical,1,ALIVE,2021/22,21/1/2022,22/1/2021,,,0.122,8.37,5.18,NA,NA,
EG938_21,,,,CL260_21,E001_F120,delicata,CORT_10pg_Topical,1,ALIVE,2021/22,21/1/2022,22/1/2021,,,0.168,7.98,6.33,NA,NA,
EG939_21,,,,CL260_21,E001_F120,delicata,CORT_5pg_Topical,1,ALIVE,2021/22,21/1/2022,22/1/2021,,,0.16,8.57,6.15,NA,NA,
EG940_21,,,,CL260_21,E001_F120,delicata,C_Topical,1,ALIVE,2021/22,21/1/2022,22/1/2021,,,0.149,8.27,5.92,NA,NA,
EG941_21,,,,CL260_21,E001_F120,delicata,CORT_5pg_Topical,1,ALIVE,2021/22,21/1/2022,22/1/2021,,,0.168,8.13,6.38,NA,NA,
EG942_21,,,,CL260_21,E001_F120,delicata,CORT_5pg_Topical,1,ALIVE,2021/22,21/1/2022,22/1/2021,,,0.128,8.81,5.11,NA,NA,
EG943_21,,,,CL261_21,E030_M,delicata,C_Topical,1,ALIVE,2021/22,14/2/2022,22/2/2014,,,0.126,6.96,5.21,NA,NA,
EG944_21,,,,CL261_21,E030_M,delicata,CORT_10pg_Topical,1,ALIVE,2021/22,14/2/2022,22/2/2014,,,0.118,7.02,5.35,NA,NA,
EG945_21,,,,CL261_21,E030_M,delicata,CORT_5pg_Topical,1,ALIVE,2021/22,14/2/2022,22/2/2014,,,0.111,7.02,5.15,NA,NA,
EG946_21,,,,CL262_21,E025_M,delicata,CORT_10pg_Topical,1,ALIVE,2021/22,14/2/2022,22/2/2014,,,0.166,7.85,6.35,NA,NA,
EG947_21,,,,CL262_21,E025_M,delicata,CORT_10pg_Topical,1,ALIVE,2021/22,14/2/2022,22/2/2014,,,0.157,8.23,6.37,NA,NA,
EG948_21,,,,CL262_21,E025_M,delicata,CORT_10pg_Topical,1,ALIVE,2021/22,14/2/2022,22/2/2014,,,0.146,7.56,6.06,NA,NA,
EG949_21,,,,CL262_21,E025_M,delicata,CORT_5pg_Topical,1,ALIVE,2021/22,14/2/2022,22/2/2014,,,0.147,7.44,5.89,NA,NA,
EG950_21,,,,CL262_21,E025_M,delicata,C_Topical,1,ALIVE,2021/22,14/2/2022,22/2/2014,,,0.163,7.75,6.36,NA,NA,
EG951_21,,,,CL262_21,E011_M E024_M,delicata,C_Topical,1,ALIVE,2021/22,14/2/2022,22/2/2014,,,0.183,8.6,6.5,NA,NA,
EG952_21,,,,CL262_21,E011_M E024_M,delicata,CORT_5pg_Topical,1,ALIVE,2021/22,14/2/2022,22/2/2014,,,0.169,8.48,6.13,NA,NA,
EG953_21,,,,CL262_21,E011_M E024_M,delicata,CORT_10pg_Topical,1,ALIVE,2021/22,14/2/2022,22/2/2014,,,0.17,8.12,6.14,NA,NA,
EG954_21,,,,CL262_21,E011_M E024_M,delicata,C_Topical,1,ALIVE,2021/22,14/2/2022,22/2/2014,,,0.161,8.6,5.93,NA,NA,
EG955_21,,,,CL263_21,E027_F120,delicata,CORT_5pg_Topical,1,ALIVE,2021/22,14/2/2022,22/2/2014,,,0.175,8.27,6.46,NA,NA,
EG956_21,,,,CL263_21,E027_F120,delicata,CORT_10pg_Topical,1,ALIVE,2021/22,14/2/2022,22/2/2014,,,0.165,8.67,6.27,NA,NA,
EG957_21,,,,CL263_21,E027_F120,delicata,CORT_10pg_Topical,1,ALIVE,2021/22,14/2/2022,22/2/2014,,,0.182,8.66,6.35,NA,NA,
EG958_21,,,,CL263_21,E027_F120,delicata,C_Topical,1,ALIVE,2021/22,14/2/2022,22/2/2014,,,0.159,8.67,5.87,NA,NA,
EG959,,,,CL264_21,E030_F120,delicata,CORT_10pg_Topical,1,ALIVE,2021/22,15/2/2022,22/2/2015,,,0.168,8.41,6.2,NA,NA,
EG960,,,,CL264_21,E030_F120,delicata,C_Topical,1,ALIVE,2021/22,15/2/2022,22/2/2015,,,0.194,8.84,6.6,NA,NA,
EG961,,,,CL264_21,E030_F120,delicata,CORT_5pg_Topical,1,ALIVE,2021/22,15/2/2022,22/2/2015,,,0.168,8.92,6.1,NA,NA,
EG962,,,,CL265_21,E009_M,delicata,C_Topical,1,ALIVE,2021/22,15/2/2022,22/2/2015,,,0.15,7.7,6.23,NA,NA,
EG963,,,,CL265_21,E009_M,delicata,CORT_10pg_Topical,1,ALIVE,2021/22,15/2/2022,22/2/2015,,,0.14,7.88,5.89,NA,NA,
EG964,,,,CL265_21,E009_M,delicata,CORT_5pg_Topical,1,ALIVE,2021/22,15/2/2022,22/2/2015,,,0.145,7.63,6.15,NA,NA,
EG965,,,,CL266_21,E007_F120,delicata,C_Topical,1,ALIVE,2021/22,15/2/2022,22/2/2015,,,0.156,7.97,6.22,NA,NA,
EG966,,,,CL266_21,E007_F120,delicata,CORT_10pg_Topical,1,ALIVE,2021/22,15/2/2022,22/2/2015,,,0.151,8.1,6.27,NA,NA,
EG967,,,,CL266_21,E007_F120,delicata,CORT_5pg_Topical,1,ALIVE,2021/22,15/2/2022,22/2/2015,,,0.149,7.68,6.18,NA,NA,
EG968,,,,CL266_21,E007_F120,delicata,C_Topical,1,ALIVE,2021/22,15/2/2022,22/2/2015,,,0.141,7.46,6.08,NA,NA,
EG969,,,,CL266_21,E007_F120,delicata,CORT_10pg_Topical,1,ALIVE,2021/22,15/2/2022,22/2/2015,,,0.144,7.55,6.32,NA,NA,
EG970,,,,CL266_21,E007_F120,delicata,CORT_5pg_Topical,1,ALIVE,2021/22,15/2/2022,22/2/2015,,,0.141,7.87,5.92,NA,NA,
EG971,,,,CL267_21,E026_M,delicata,C_Topical,1,ALIVE,2021/22,15/2/2022,22/2/2015,,,0.112,8.22,5.05,NA,NA,
EG972,,,,CL267_21,E026_M,delicata,CORT_10pg_Topical,1,ALIVE,2021/22,15/2/2022,22/2/2015,,,0.122,8.14,5.12,NA,NA,
EG973,,,,CL267_21,E026_M,delicata,CORT_5pg_Topical,1,ALIVE,2021/22,15/2/2022,22/2/2015,,,0.122,8.27,5.03,NA,NA,
EG974,,,,CL267_21,E026_M,delicata,C_Topical,1,ALIVE,2021/22,15/2/2022,22/2/2015,,,0.113,8.73,5.51,NA,NA,
EG975,,,,CL267_21,E026_M,delicata,CORT_10pg_Topical,1,ALIVE,2021/22,15/2/2022,22/2/2015,,,0.118,8.1,5.41,NA,NA,
EG976,,,,CL268_21,E001_F_120,delicata,CORT_5pg_Topical,1,ALIVE,2021/22,16/2/2022,22/2/2016,,,0.119,8.1,5.48,NA,NA,
EG977,,,,CL268_21,E001_F_120,delicata,C_Topical,1,ALIVE,2021/22,16/2/2022,22/2/2016,,,0.13,7.98,5.45,NA,NA,
EG978,,,,CL268_21,E001_F_120,delicata,CORT_10pg_Topical,1,ALIVE,2021/22,16/2/2022,22/2/2016,,,0.129,7.79,5.46,NA,NA,
EG979,,,,CL269_21,E001_F_120,delicata,C_Topical,1,ALIVE,2021/22,16/2/2022,22/2/2016,,,0.12,7.46,5.4,NA,NA,
EG980,,,,CL269_21,E001_F_120,delicata,CORT_5pg_Topical,1,ALIVE,2021/22,16/2/2022,22/2/2016,,,0.135,8.33,5.58,NA,NA,
EG981,,,,CL269_21,E001_F_120,delicata,CORT_10pg_Topical,1,ALIVE,2021/22,16/2/2022,22/2/2016,,,0.128,8.11,5.46,NA,NA,
EG982,,,,CL269_21,E020_MQ,delicata,CORT_5pg_Topical,1,ALIVE,2021/22,17/2/2022,22/2/2017,,,0.212,9.1,6.54,NA,NA,
EG983,,,,CL270_21,E027_F120,delicata,C_Topical,1,ALIVE,2021/22,20/2/2022,22/2/2020,,,0.124,7.72,5.66,NA,NA,
EG984,,,,CL270_21,E027_F120,delicata,CORT_10pg_Topical,1,ALIVE,2021/22,20/2/2022,22/2/2020,,,0.137,8.34,5.53,NA,NA,
EG985,,,,CL270_21,E027_F120,delicata,CORT_5pg_Topical,1,ALIVE,2021/22,20/2/2022,22/2/2020,,,0.122,8.32,5.47,NA,NA,
EG986,,,,CL271_21,E025_F120,delicata,CORT_10pg_Topical,1,ALIVE,2021/22,20/2/2022,22/2/2020,,,0.154,7.65,6.14,NA,NA,
EG987,,,,CL271_21,E025_F120,delicata,CORT_5pg_Topical,1,ALIVE,2021/22,20/2/2022,22/2/2020,,,0.131,7.35,5.93,NA,NA,
EG988,,,,CL271_21,E025_F120,delicata,C_Topical,1,ALIVE,2021/22,20/2/2022,22/2/2020,,,0.139,7.61,6.05,NA,NA,
EG989,,,,CL272_21,E025_F120,delicata,CORT_5pg_Topical,1,ALIVE,2021/22,20/2/2022,22/2/2020,,,0.136,7.79,5.86,NA,NA,
EG990,,,,CL272_21,E025_F120,delicata,CORT_10pg_Topical,1,ALIVE,2021/22,20/2/2022,22/2/2020,,,0.13,6.94,6.06,NA,NA,
EG991,,,,CL272_21,E025_F120,delicata,,1,ALIVE,2021/22,20/2/2022,22/2/2020,,,0.134,7.22,6.04,NA,NA,
EG992,,,,CL273_21,E025_F120,delicata,CORT_10pg_Topical,1,ALIVE,2021/22,20/2/2022,22/2/2020,,,0.144,7.57,6.11,NA,NA,
EG993,,,,CL273_21,E025_F120,delicata,C_Topical,1,ALIVE,2021/22,20/2/2022,22/2/2020,,,0.143,7.1,6.38,NA,NA,
EG994,,,,CL274_21,E018_M,delicata,C_Topical,1,ALIVE,2021/22,20/2/2022,22/2/2020,,,0.141,7.71,5.71,NA,NA,
EG995,,,,CL274_21,E018_M,delicata,CORT_10pg_Topical,1,ALIVE,2021/22,20/2/2022,22/2/2020,,,0.138,8.14,5.47,NA,NA,
EG996,,,,CL274_21,E018_M,delicata,CORT_5pg_Topical,1,ALIVE,2021/22,20/2/2022,22/2/2020,,,0.146,8.38,5.67,NA,NA,
EG997,,,,CL274_21,E018_M,delicata,CORT_5pg_Topical,1,ALIVE,2021/22,20/2/2022,22/2/2020,,,0.151,7.81,5.83,NA,NA,
EG998,,,,CL274_21,E018_M,delicata,C_Topical,1,ALIVE,2021/22,20/2/2022,22/2/2020,,,0.139,8.15,5.51,NA,NA,
EG999,,,,CL275_21,E025_M,delicata,CORT_5pg_Topical,1,ALIVE,2021/22,20/2/2022,22/2/2020,,,0.137,6.78,6.16,NA,NA,
EG1000,,,,CL275_21,E025_M,delicata,CORT_5pg_Topical,1,ALIVE,2021/22,20/2/2022,22/2/2020,,,0.143,7.31,6.15,NA,NA,
EG1001,,,,CL275_21,E025_M,delicata,CORT_10pg_Topical,1,ALIVE,2021/22,20/2/2022,22/2/2020,,,0.145,7.84,5.83,NA,NA,
EG1002,,,,CL275_21,E025_M,delicata,C_Topical,1,ALIVE,2021/22,20/2/2022,22/2/2020,,,0.138,7.25,6.1,NA,NA,
EG1003,,,,CL275_21,E025_M,delicata,CORT_10pg_Topical,1,ALIVE,2021/22,20/2/2022,22/2/2020,,,0.156,8.04,6.29,NA,NA,
EG1004,,,,CL275_21,E025_M,delicata,C_Topical,1,ALIVE,2021/22,20/2/2022,22/2/2020,,,0.138,7.15,5.87,NA,NA,
EG1005,,,,CL275_21,E025_M,delicata,CORT_5pg_Topical,1,ALIVE,2021/22,20/2/2022,22/2/2020,,,0.14,7.22,6.02,NA,NA,
EG1006,,,,CL276_21,E001_F120,delicata,C_Topical,1,ALIVE,2021/22,20/2/2022,22/2/2020,,,0.16,8.77,5.6,NA,NA,
EG1007,,,,CL276_21,E001_F120,delicata,CORT_5pg_Topical,1,ALIVE,2021/22,20/2/2022,22/2/2020,,,0.167,9.16,5.84,NA,NA,
EG1008,,,,CL276_21,E001_F120,delicata,CORT_10pg_Topical,1,ALIVE,2021/22,20/2/2022,22/2/2020,,,0.148,7.84,6.16,NA,NA,
EG1009,,,,CL276_21,E001_F120,delicata,C_Topical,1,ALIVE,2021/22,20/2/2022,22/2/2020,,,0.151,7.34,6.13,NA,NA,
EG1010,,,,CL276_21,E001_F120,delicata,CORT_5pg_Topical,1,ALIVE,2021/22,20/2/2022,22/2/2020,,,0.156,7.91,6.1,NA,NA,
EG1011,,,,CL276_21,E001_F120,delicata,C_Topical,1,ALIVE,2021/22,20/2/2022,22/2/2020,,,0.161,7.64,6.24,NA,NA,
EG1012,,,,CL276_21,E001_F120,delicata,CORT_5pg_Topical,1,ALIVE,2021/22,20/2/2022,22/2/2020,,,0.155,7.64,6.12,NA,NA,
EG1013,,,,CL277_21,E022_F120,delicata,T4_High_Topical,1,ALIVE,2021/22,24/2/2022,22/2/2024,,,0.16,7.75,6.31,NA,NA,100%DMSO solutions
EG1014,,,,CL277_21,E022_F120,delicata,T3_High_Topical,1,ALIVE,2021/22,24/2/2022,22/2/2024,,,0.178,8.21,6.57,NA,NA,100%DMSO solutions
EG1015,,,,CL277_21,E022_F120,delicata,T3_Low_Topical,1,ALIVE,2021/22,24/2/2022,22/2/2024,,,0.19,8.56,6.76,NA,NA,100%DMSO solutions
EG1016,,,,CL277_21,E022_F120,delicata,T4_Low_Topical,1,ALIVE,2021/22,24/2/2022,22/2/2024,,,0.188,8.24,6.57,NA,NA,100%DMSO solutions
EG1017,,,,CL278_21,E014_M,delicata,T3_High_Topical,1,ALIVE,2021/22,24/2/2022,22/2/2024,,,0.207,9.24,6.71,NA,NA,100%DMSO solutions
EG1018,,,,CL278_21,E014_M,delicata,DMSO,1,ALIVE,2021/22,24/2/2022,22/2/2024,,,0.196,8.33,6.53,NA,NA,100%DMSO solutions
EG1019,,,,CL278_21,E014_M,delicata,T4_High_Topical,1,ALIVE,2021/22,24/2/2022,22/2/2024,,,0.214,9.39,6.91,NA,NA,100%DMSO solutions
EG1020,,,,CL279_21,E007_F120,delicata,T3_High_Topical,1,ALIVE,2021/22,24/2/2022,22/2/2024,,,0.16,8.27,6.2,NA,NA,100%DMSO solutions
EG1021,,,,CL279_21,E007_F120,delicata,DMSO,1,ALIVE,2021/22,24/2/2022,22/2/2024,,,0.15,8.63,5.7,NA,NA,100%DMSO solutions
EG1022,,,,CL279_21,E007_F120,delicata,T3_Low_Topical,1,ALIVE,2021/22,24/2/2022,22/2/2024,,,0.138,8.57,5.44,NA,NA,100%DMSO solutions
EG1023,,,,CL279_21,E007_F120,delicata,T4_Low_Topical,1,ALIVE,2021/22,24/2/2022,22/2/2024,,,0.143,8.69,5.43,NA,NA,100%DMSO solutions
EG1024,,,,CL280_21,E001_F120,delicata,T3_High_Topical,1,ALIVE,2021/22,24/2/2022,22/2/2024,,,0.14,8.94,5.7,NA,NA,100%DMSO solutions
EG1025,,,,CL280_21,E001_F120,delicata,DMSO,1,ALIVE,2021/22,24/2/2022,22/2/2024,,,0.148,8.73,6.03,NA,NA,100%DMSO solutions
EG1026,,,,CL280_21,E001_F120,delicata,T3_Low_Topical,1,ALIVE,2021/22,24/2/2022,22/2/2024,,,0.18,8.3,6.76,NA,NA,100%DMSO solutions
EG1027,,,,CL280_21,E001_F120,delicata,DMSO,1,ALIVE,2021/22,24/2/2022,22/2/2024,,,0.202,8.21,6.55,NA,NA,100%DMSO solutions
EG1028,,,,CL281_21,E002_F120,delicata,T4_Low_Topical,1,ALIVE,2021/22,24/2/2022,22/2/2024,,,0.203,8.41,6.64,NA,NA,100%DMSO solutions
EG1029,,,,CL281_21,E002_F120,delicata,T4_High_Topical,1,ALIVE,2021/22,24/2/2022,22/2/2024,,,0.196,8.19,6.67,NA,NA,100%DMSO solutions
EG1030,,,,CL281_21,E002_F120,delicata,T3_Low_Topical,1,ALIVE,2021/22,24/2/2022,22/2/2024,,,0.185,7.64,6.8,NA,NA,100%DMSO solutions
EG1031,,,,CL281_21,E002_F120,delicata,DMSO,1,ALIVE,2021/22,24/2/2022,22/2/2024,,,0.177,7.82,6.53,NA,NA,100%DMSO solutions
EG1032,,,,CL282_21,E026_M,delicata,DMSO,1,ALIVE,2021/22,24/2/2022,22/2/2024,,,0.203,8.38,6.49,NA,NA,100%DMSO solutions
EG1033,,,,CL282_21,E026_M,delicata,T4_High_Topical,1,ALIVE,2021/22,24/2/2022,22/2/2024,,,0.144,7.48,6.11,NA,NA,100%DMSO solutions
EG1034,,,,CL282_21,E026_M,delicata,T3_High_Topical,1,ALIVE,2021/22,24/2/2022,22/2/2024,,,0.18,8.21,6.61,NA,NA,100%DMSO solutions
EG1035,,,,CL282_21,E026_M,delicata,T4_Low_Topical,1,ALIVE,2021/22,24/2/2022,22/2/2024,,,0.182,7.25,6.48,NA,NA,100%DMSO solutions
EG1036,,,,CL282_21,E026_M,delicata,T3_Low_Topical,1,ALIVE,2021/22,24/2/2022,22/2/2024,,,0.162,7.59,6.11,NA,NA,100%DMSO solutions
EG1037,,,,CL283_21,E030_M,delicata,T4_High_Topical,1,ALIVE,2021/22,24/2/2022,22/2/2024,,,0.145,6.98,6.37,NA,NA,100%DMSO solutions
EG1038,,,,CL283_21,E030_M,delicata,T4_High_Topical,1,ALIVE,2021/22,24/2/2022,22/2/2024,,,0.158,7.75,6.34,NA,NA,100%DMSO solutions
EG1039,,,,CL283_21,E030_M,delicata,T3_Low_Topical,1,ALIVE,2021/22,24/2/2022,22/2/2024,,,0.144,7.21,6.09,NA,NA,100%DMSO solutions
EG1040,,,,CL283_21,E030_M,delicata,DMSO,1,ALIVE,2021/22,24/2/2022,22/2/2024,,,0.139,7.16,6.05,NA,NA,100%DMSO solutions
EG1041,,,,CL283_21,E030_M,delicata,T4_Low_Topical,1,ALIVE,2021/22,24/2/2022,22/2/2024,,,0.149,7.14,6.11,NA,NA,100%DMSO solutions
EG1042,,,,CL283_21,E030_M,delicata,DMSO,1,ALIVE,2021/22,24/2/2022,22/2/2024,,,0.145,7.73,5.51,NA,NA,100%DMSO solutions
EG1043,,,,CL283_21,E030_M,delicata,T3_High_Topical,1,ALIVE,2021/22,24/2/2022,22/2/2024,,,0.153,7.2,6.22,NA,NA,100%DMSO solutions
EG1044,,,,CL284_21,EO14_M,delicata,T4_High_Topical,1,ALIVE,2021/22,28/2/2022,,,,0.217,8.22,6.95,NA,NA,5%DMSO/95%EtOH solutions
EG1045,,,,CL285_21,E017_M; E007_M,delicata,T3_High_Topical,1,ALIVE,2021/22,28/2/2022,,,,0.17,7.77,6.73,NA,NA,5%DMSO/95%EtOH solutions
EG1046,,,,CL285_21,E017_M; E007_M,delicata,T3_Low_Topical,1,ALIVE,2021/22,28/2/2022,,,,0.167,8.54,6.35,NA,NA,5%DMSO/95%EtOH solutions
EG1047,,,,CL285_21,E017_M; E007_M,delicata,T4_Low_Topical,1,ALIVE,2021/22,28/2/2022,,,,0.184,7.83,6.67,NA,NA,5%DMSO/95%EtOH solutions
EG1048,,,,CL286_21,E003_F120,delicata,T3_High_Topical,1,ALIVE,2021/22,28/2/2022,,,,0.239,8.16,7.17,NA,NA,5%DMSO/95%EtOH solutions
EG1049,,,,CL286_21,E003_F120,delicata,5%DMSO,1,ALIVE,2021/22,28/2/2022,,,,0.249,8.65,7.29,NA,NA,5%DMSO/95%EtOH solutions
EG1050,,,,CL286_21,E003_F120,delicata,T4_High_Topical,1,ALIVE,2021/22,28/2/2022,,,,0.25,8.42,7.09,NA,NA,5%DMSO/95%EtOH solutions
EG1051,,,,CL286_21,E003_F120,delicata,T3_High_Topical,1,ALIVE,2021/22,28/2/2022,,,,0.187,7.93,6.44,NA,NA,5%DMSO/95%EtOH solutions
EG1052,,,,CL286_21,E003_F120,delicata,5%DMSO,1,ALIVE,2021/22,28/2/2022,,,,0.236,9.18,6.78,NA,NA,5%DMSO/95%EtOH solutions
EG1053,,,,CL286_21,E003_F120,delicata,T3_Low_Topical,1,ALIVE,2021/22,28/2/2022,,,,0.201,8.66,6.68,NA,NA,5%DMSO/95%EtOH solutions
EG1054,,,,CL287_21,E028_M,delicata,T4_Low_Topical,1,ALIVE,2021/22,28/2/2022,,,,0.218,8.39,6.92,NA,NA,5%DMSO/95%EtOH solutions
EG1055,,,,CL287_21,E028_M,delicata,T3_High_Topical,1,ALIVE,2021/22,28/2/2022,,,,0.23,8.75,7.02,NA,NA,5%DMSO/95%EtOH solutions
EG1056,,,,CL287_21,E028_M,delicata,5%DMSO,1,ALIVE,2021/22,28/2/2022,,,,0.209,8.07,6.86,NA,NA,5%DMSO/95%EtOH solutions
EG1057,,,,CL288_21,E028_M,delicata,T3_Low_Topical,1,ALIVE,2021/22,28/2/2022,,,,0.225,9.42,6.57,NA,NA,5%DMSO/95%EtOH solutions
EG1058,,,,CL288_21,E028_M,delicata,5%DMSO,1,ALIVE,2021/22,28/2/2022,,,,0.197,9.02,6.19,NA,NA,5%DMSO/95%EtOH solutions
EG1059,,,,CL289_21,E016_M,delicata,T4_Low_Topical,1,ALIVE,2021/22,28/2/2022,,,,0.146,7.14,6.03,NA,NA,5%DMSO/95%EtOH solutions
EG1060,,,,CL289_21,E016_M,delicata,T4_High_Topical,1,ALIVE,2021/22,28/2/2022,,,,0.143,7.42,5.96,NA,NA,5%DMSO/95%EtOH solutions
EG1061,,,,CL289_21,E016_M,delicata,T3_Low_Topical,1,ALIVE,2021/22,28/2/2022,,,,0.141,7.61,5.81,NA,NA,5%DMSO/95%EtOH solutions
EG1062,,,,CL290_21,E016_M,delicata,5%DMSO,1,ALIVE,2021/22,28/2/2022,,,,0.159,7.62,6.45,NA,NA,5%DMSO/95%EtOH solutions
EG1063,,,,CL290_21,E016_M,delicata,5%DMSO,1,ALIVE,2021/22,28/2/2022,,,,0.157,7.18,6.22,NA,NA,5%DMSO/95%EtOH solutions
EG1064,,,,CL290_21,E016_M,delicata,T4_High_Topical,1,ALIVE,2021/22,28/2/2022,,,,0.144,7.28,5.94,NA,NA,5%DMSO/95%EtOH solutions
EG1065,,,,CL290_21,E016_M,delicata,T3_High_Topical,1,ALIVE,2021/22,28/2/2022,,,,0.141,7.86,5.88,NA,NA,5%DMSO/95%EtOH solutions
EG1066,,,,CL290_21,E016_M,delicata,T4_Low_Topical,1,ALIVE,2021/22,28/2/2022,,,,0.146,7.68,6.25,NA,NA,5%DMSO/95%EtOH solutions
EG1067,,,,CL290_21,E016_M,delicata,T3_Low_Topical,1,ALIVE,2021/22,28/2/2022,,,,0.146,7.1,6.13,NA,NA,5%DMSO/95%EtOH solutions
EG1068,,,,CL291_21,E021_M,delicata,T4_High_Topical,1,ALIVE,2021/22,1/3/2022,,,,0.198,9.6,6.31,NA,NA,
EG1069,,,,CL291_21,E021_M,delicata,T4_Low_Topical,1,ALIVE,2021/22,1/3/2022,,,,0.2,9.16,6.2,NA,NA,
EG1070,,,,CL291_21,E021_M,delicata,T3_Low_Topical,1,ALIVE,2021/22,1/3/2022,,,,0.186,9.15,6.22,NA,NA,
EG1071,,,,CL292_21,EO25_M,delicata,5%DMSO,1,ALIVE,2021/22,1/3/2022,,,,0.153,7.82,6.05,NA,NA,
EG1072,,,,CL292_21,EO25_M,delicata,T4_Low_Topical,1,ALIVE,2021/22,1/3/2022,,,,0.159,7.43,6.19,NA,NA,
EG1073,,,,CL292_21,EO25_M,delicata,T4_High_Topical,1,ALIVE,2021/22,1/3/2022,,,,0.155,7.17,6.09,NA,NA,
EG1074,,,,CL292_21,EO25_M,delicata,T3_High_Topical,1,ALIVE,2021/22,1/3/2022,,,,0.147,7.95,5.96,NA,NA,
EG1075,,,,CL292_21,EO25_M,delicata,T3_Low_Topical,1,ALIVE,2021/22,1/3/2022,,,,0.148,7.44,6.22,NA,NA,
EG1076,,,,CL293_21,E021_M,delicata,T4_Low_Topical,1,ALIVE,2021/22,3/3/2022,,,,0.21,9.66,6.52,NA,NA,
EG1077,,,,CL293_21,E021_M,delicata,T3_High_Topical,1,ALIVE,2021/22,3/3/2022,,,,0.212,9.76,6.28,NA,NA,
EG1078,,,,CL293_21,E021_M,delicata,T4_High_Topical,1,ALIVE,2021/22,3/3/2022,,,,0.187,9.75,5.81,NA,NA,
EG1079,,,,CL293_21,E021_M,delicata,T3_Low_Topical,1,ALIVE,2021/22,3/3/2022,,,,0.196,9.39,6.14,NA,NA,
EG1080,,,,CL294_21,E021_F120,delicata,T3_High_Topical,1,ALIVE,2021/22,5/3/2022,,,,0.148,8.24,5.88,NA,NA,
EG1081,,,,CL294_21,E021_F120,delicata,5%DMSO,1,ALIVE,2021/22,5/3/2022,,,,0.14,8.15,5.51,NA,NA,
EG1082,,,,CL294_21,E021_F120,delicata,T3_Low_Topical,1,ALIVE,2021/22,5/3/2022,,,,0.147,8.36,5.72,NA,NA,
EG1083,,,,CL294_21,E021_F120,delicata,T4_Low_Topical,1,ALIVE,2021/22,5/3/2022,,,,0.137,7.59,5.6,NA,NA,
EG1084,,,,CL295_21,E014_F120,delicata,5%DMSO,1,ALIVE,2021/22,5/3/2022,,,,0.153,7.75,6.03,NA,NA,
EG1085,,,,CL295_21,E014_F120,delicata,T4_High_Topical,1,ALIVE,2021/22,5/3/2022,,,,0.146,7.18,6.4,NA,NA,
EG1086,,,,CL295_21,E014_F120,delicata,T3_Low_Topical,1,ALIVE,2021/22,5/3/2022,,,,0.161,7.89,6.09,NA,NA,
EG1087,,,,CL295_21,E014_F120,delicata,T3_High_Topical,1,ALIVE,2021/22,5/3/2022,,,,0.161,8.21,5.83,NA,NA,
EG1088,,,,CL295_21,E014_F120,delicata,T4_Low_Topical,1,ALIVE,2021/22,5/3/2022,,,,0.159,7.68,6.17,NA,NA,
EG1089,,,,CL296_21,E013_M,delicata,T4_High_Topical,1,ALIVE,2021/22,5/3/2022,,,,0.171,8.56,6.23,NA,NA,
EG1090,,,,CL296_21,E013_M,delicata,5%DMSO,1,ALIVE,2021/22,5/3/2022,,,,0.145,7.46,5.84,NA,NA,
EG1091,,,,CL296_21,E013_M,delicata,T3_High_Topical,1,ALIVE,2021/22,5/3/2022,,,,0.165,8.2,6.18,NA,NA,
EG1092,,,,CL297_21,E013_M,delicata,5%DMSO,1,ALIVE,2021/22,5/3/2022,,,,0.181,7.98,6.67,NA,NA,
EG1093,,,,CL297_21,E013_M,delicata,T4_Low_Topical,1,ALIVE,2021/22,5/3/2022,,,,0.154,8.23,5.94,NA,NA,
EG1094,,,,CL297_21,E013_M,delicata,T4_High_Topical,1,ALIVE,2021/22,5/3/2022,,,,0.144,7.74,6.01,NA,NA,
EG1095,,,,CL297_21,E013_M,delicata,T3_High_Topical,1,ALIVE,2021/22,5/3/2022,,,,0.164,7.86,6.22,NA,NA,
EG1096,,,,CL298_21,E012_M,delicata,T3_Low_Topical,1,ALIVE,2021/22,7/3/2022,,,,0.175,8.84,6.15,NA,NA,
EG1097,,,,CL298_21,E012_M,delicata,5%DMSO,1,ALIVE,2021/22,7/3/2022,,,,0.182,8.78,6.4,NA,NA,
EG1098,,,,CL298_21,E012_M,delicata,T4_Low_Topical,1,ALIVE,2021/22,7/3/2022,,,,0.191,9.8,6.06,NA,NA,
EG1099,,,,CL298_21,E012_M,delicata,T4_High_Topical,1,ALIVE,2021/22,7/3/2022,,,,0.192,8.86,6.12,NA,NA,
EG1100,,,,CL299_21,E025_M,delicata,T3_High_Topical,1,ALIVE,2021/22,7/3/2022,,,,0.151,7.85,5.81,NA,NA,
EG1101,,,,CL299_21,E025_M,delicata,T4_Low_Topical,1,ALIVE,2021/22,7/3/2022,,,,0.14,7.87,5.88,NA,NA,
EG1102,,,,CL299_21,E025_M,delicata,T4_High_Topical,1,ALIVE,2021/22,7/3/2022,,,,0.157,7.27,6.34,NA,NA,
EG1103,,,,CL299_21,E025_M,delicata,T3_Low_Topical,1,ALIVE,2021/22,7/3/2022,,,,0.147,7.9,5.85,NA,NA,
EG1104,,,,CL299_21,E025_M,delicata,5%DMSO,1,ALIVE,2021/22,7/3/2022,,,,0.156,7.03,5.97,NA,NA,
EG1105,,,,CL299_21,E025_M,delicata,T3_Low_Topical,1,ALIVE,2021/22,7/3/2022,,,,0.164,7.91,6.33,NA,NA,
EG1106,,,,CL300_21,E011_M,delicata,T3_High_Topical,1,ALIVE,2021/22,10/3/2022,,,,0.187,8.16,6.7,NA,NA,
EG1107,,,,CL300_21,E011_M,delicata,5%DMSO,1,ALIVE,2021/22,10/3/2022,,,,0.182,7.89,6.48,NA,NA,
EG1108,,,,CL300_21,E011_M,delicata,T4_Low_Topical,1,ALIVE,2021/22,10/3/2022,,,,0.191,8.51,6.63,NA,NA,
EG1109,,,,CL300_21,E011_M,delicata,T3_Low_Topical,1,ALIVE,2021/22,10/3/2022,,,,0.125,8.23,5.61,NA,NA,
EG1110,,,,CL300_21,E011_M,delicata,T4_High_Topical,1,ALIVE,2021/22,10/3/2022,,,,0.128,8.97,5.86,NA,NA,
EG1111,,,,CL301_21,E004_F120,delicata,T3_High_Topical,1,ALIVE,2021/22,10/3/2022,,,,0.135,9.27,5.03,NA,NA,
EG1112,,,,CL301_21,E004_F120,delicata,T4_Low_Topical,1,ALIVE,2021/22,10/3/2022,,,,0.124,8.8,5,NA,NA,
EG1113,,,,CL301_21,E004_F120,delicata,5%DMSO,1,ALIVE,2021/22,10/3/2022,,,,0.126,8.82,4.98,NA,NA,
EG1114,,,,CL301_21,E004_F120,delicata,T3_High_Topical,1,ALIVE,2021/22,10/3/2022,,,,0.13,9.03,4.98,NA,NA,
EG1115,,,,CL302_21,E019_M,delicata,T3_Low_Topical,1,ALIVE,2021/22,10/3/2022,,,,0.146,7.86,5.79,NA,NA,
EG1116,,,,CL302_21,E019_M,delicata,5%DMSO,1,ALIVE,2021/22,10/3/2022,,,,0.121,7.6,5.51,NA,NA,
EG1117,,,,CL302_21,E019_M,delicata,T3_High_Topical,1,ALIVE,2021/22,10/3/2022,,,,0.137,7.92,5.65,NA,NA,
EG1118,,,,CL_303_21,E007_F120,delicata,5%DMSO,1,ALIVE,2021/22,10/3/2022,,,,0.19,7.7,6.78,NA,NA,
EG1119,,,,CL_303_21,E007_F120,delicata,T3_High_Topical,1,ALIVE,2021/22,10/3/2022,,,,0.185,7.45,6.15,NA,NA,
EG1120,,,,CL_303_21,E007_F120,delicata,T3_Low_Topical,1,ALIVE,2021/22,10/3/2022,,,,0.17,7.38,5.95,NA,NA,
EG1121,,,,CL_303_21,E007_F120,delicata,T4_Low_Topical,1,ALIVE,2021/22,10/3/2022,,,,0.179,8.28,6.4,NA,NA,
EG1122,,,,CL_303_21,E007_F120,delicata,T4_High_Topical,1,ALIVE,2021/22,10/3/2022,,,,0.171,7.67,6.32,NA,NA,
EG1123,,,,CL304_21,E030_M,delicata,T4_Low_Topical,1,ALIVE,2021/22,10/3/2022,,,,0.153,7.22,6.22,NA,NA,
EG1124,,,,CL304_21,E030_M,delicata,T3_High_Topical,1,ALIVE,2021/22,10/3/2022,,,,0.149,7.19,6.28,NA,NA,
EG1125,,,,CL304_21,E030_M,delicata,T4_High_Topical,1,ALIVE,2021/22,10/3/2022,,,,0.145,7.27,6.05,NA,NA,
EG1126,,,,CL304_21,E030_M,delicata,5%DMSO,1,ALIVE,2021/22,10/3/2022,,,,0.138,6.72,6.06,NA,NA,
EG1127,,,,CL304_21,E030_M,delicata,T3_Low_Topical,1,ALIVE,2021/22,10/3/2022,,,,0.137,7.22,5.79,NA,NA,
EG1128,,,,CL305_21,E007_F120,delicata,T4_Low_Topical,1,ALIVE,2021/22,14/3/2022,,,,0.187,8.71,6.45,NA,NA,
EG1129,,,,CL305_21,E007_F120,delicata,T4_High_Topical,1,ALIVE,2021/22,14/3/2022,,,,0.184,8.02,6.51,NA,NA,
EG1130,,,,CL305_21,E007_F120,delicata,5%DMSO,1,ALIVE,2021/22,14/3/2022,,,,0.199,9.17,6.44,NA,NA,
EG1131,,,,CL305_21,E007_F120,delicata,T3_Low_Topical,1,ALIVE,2021/22,14/3/2022,,,,0.182,8.57,6.64,NA,NA,
EG1132,,,,CL306_21,E026_M,delicata,T4_Low_Topical,1,ALIVE,2021/22,14/3/2022,,,,0.133,7.24,5.89,NA,NA,
EG1133,,,,CL306_21,E026_M,delicata,T4_High_Topical,1,ALIVE,2021/22,14/3/2022,,,,0.182,8.02,6.55,NA,NA,
EG1134,,,,CL306_21,E026_M,delicata,T3_Low_Topical,1,ALIVE,2021/22,14/3/2022,,,,0.168,7.82,6.49,NA,NA,
EG1135,,,,CL306_21,E026_M,delicata,T3_High_Topical,1,ALIVE,2021/22,14/3/2022,,,,0.153,8.12,6.07,NA,NA,
EG1136,,,,CL306_21,E026_M,delicata,5%DMSO,1,ALIVE,2021/22,14/3/2022,,,,0.168,7.62,6.77,NA,NA,
EG1137,,,,CL306_21,E026_M,delicata,5%DMSO,1,ALIVE,2021/22,14/3/2022,,,,0.168,7.41,6.63,NA,NA,
EG1138,,,,CL307_21,E025_M,delicata,5%DMSO,1,ALIVE,2021/22,14/3/2022,,,,0.133,7.13,5.99,NA,NA,
EG1139,,,,CL307_21,E025_M,delicata,T3_High_Topical,1,ALIVE,2021/22,14/3/2022,,,,0.13,8.01,5.68,NA,NA,
EG1140,,,,CL307_21,E025_M,delicata,T3_Low_Topical,1,ALIVE,2021/22,14/3/2022,,,,0.125,7.68,5.51,NA,NA,
EG1141,,,,CL307_21,E025_M,delicata,T4_Low_Topical,1,ALIVE,2021/22,14/3/2022,,,,0.118,7.35,5.65,NA,NA,
EG1142,,,,CL307_21,E025_M,delicata,T4_High_Topical,1,ALIVE,2021/22,14/3/2022,,,,0.131,7.37,5.82,NA,NA,
EG1143,,,,CL307_21,E025_M,delicata,T3_High_Topical,1,ALIVE,2021/22,14/3/2022,,,,0.117,7.84,5.37,NA,NA,
EG1144,,,,CL308_21,E019_M,delicata,5%DMSO,1,ALIVE,2021/22,15/3/2022,,,,0.128,8.12,5.29,NA,NA,
EG1145,,,,CL308_21,E019_M,delicata,T3_Low_Topical,1,ALIVE,2021/22,15/3/2022,,,,0.139,9.47,5.39,NA,NA,
EG1146,,,,CL308_21,E019_M,delicata,T4_Low_Topical,1,ALIVE,2021/22,15/3/2022,,,,0.155,9.17,5.6,NA,NA,
EG1147,,,,CL308_21,E019_M,delicata,T4_High_Topical,1,ALIVE,2021/22,15/3/2022,,,,0.124,8.48,5.33,NA,NA,
EG1148,,,,CL308_21,E019_M,delicata,T3_Low_Topical,1,ALIVE,2021/22,15/3/2022,,,,0.14,7.81,5.7,NA,NA,
EG1149,,,,CL308_21,E019_M,delicata,T3_High_Topical,1,ALIVE,2021/22,15/3/2022,,,,0.123,8.68,5.02,NA,NA,
EG1150,,,,CL309_21,E014_M,delicata,T4_Low_Topical,1,ALIVE,2021/22,15/3/2022,,,,0.145,8.72,5.59,NA,NA,
EG1151,,,,CL309_21,E014_M,delicata,T4_High_Topical,1,ALIVE,2021/22,15/3/2022,,,,0.146,8.32,5.71,NA,NA,
EG1152,,,,CL309_21,E014_M,delicata,5%DMSO,1,ALIVE,2021/22,15/3/2022,,,,0.139,8.84,5.31,NA,NA,
EG1153,,,,CL309_21,E014_M,delicata,T3_Low_Topical,1,ALIVE,2021/22,15/3/2022,,,,0.155,8.67,5.84,NA,NA,
EG1154,,,,CL309_21,E014_M,delicata,T3_High_Topical,1,ALIVE,2021/22,15/3/2022,,,,0.149,9.11,5.64,NA,NA,
EG1155,,,,CL310_21,E027_M,delicata,T4_High_Topical,1,ALIVE,2021/22,15/3/2022,,,,0.123,7.79,5.29,NA,NA,
EG1156,,,,CL310_21,E027_M,delicata,T4_Low_Topical,1,ALIVE,2021/22,15/3/2022,,,,0.122,8.07,5.27,NA,NA,
EG1157,,,,CL310_21,E027_M,delicata,T3_Low_Topical,1,ALIVE,2021/22,15/3/2022,,,,0.125,7.21,5.35,NA,NA,
EG1158,,,,CL310_21,E027_M,delicata,5%DMSO,1,ALIVE,2021/22,15/3/2022,,,,0.117,7.39,5.03,NA,NA,
EG1159,,,,CL311_21,E014_M,delicata,T3_Low_Topical,1,ALIVE,2021/22,15/3/2022,,,,0.143,8.28,5.6,NA,NA,
EG1160,,,,CL311_21,E014_M,delicata,T4_Low_Topical,1,ALIVE,2021/22,15/3/2022,,,,0.147,8.18,5.67,NA,NA,
EG1161,,,,CL311_21,E014_M,delicata,T4_High_Topical,1,ALIVE,2021/22,15/3/2022,,,,0.181,8.53,6.34,NA,NA,
EG1162,,,,CL311_21,E014_M,delicata,T4_Low_Topical,1,ALIVE,2021/22,15/3/2022,,,,0.165,9.37,5.59,NA,NA,
EG1163,,,,CL311_21,E014_M,delicata,T3_High_Topical,1,ALIVE,2021/22,15/3/2022,,,,0.141,7.93,5.63,NA,NA,
EG1164,,,,CL311_21,E014_M,delicata,5%DMSO,1,ALIVE,2021/22,15/3/2022,,,,0.145,7.8,5.48,NA,NA,
EG1165,,,,CL311_21,E014_M,delicata,T4_High_Topical,1,ALIVE,2021/22,15/3/2022,,,,0.138,8.33,5.36,NA,NA,